req_id	category	subcategory	feature_type	feature	posix_mode_status	mctash_default	mctash_posix	tests	notes
C1.OPT.SHORT.c	1	invocation.short-option	option	-c	present	covered	covered	run_bash_invocation_option_matrix.sh	Mapped by run_bash_invocation_option_matrix.sh (and startup mode matrix where applicable); comparator evidence run passes in default and --posix lanes.
C1.OPT.SHORT.i	1	invocation.short-option	option	-i	present	covered	covered	run_bash_invocation_option_matrix.sh	Mapped by run_bash_invocation_option_matrix.sh (and startup mode matrix where applicable); comparator evidence run passes in default and --posix lanes.
C1.OPT.SHORT.l	1	invocation.short-option	option	-l	present	covered	covered	run_bash_invocation_option_matrix.sh	Mapped by run_bash_invocation_option_matrix.sh (and startup mode matrix where applicable); comparator evidence run passes in default and --posix lanes.
C1.OPT.SHORT.r	1	invocation.short-option	option	-r	present	covered	covered	run_bash_invocation_option_matrix.sh	Mapped by run_bash_invocation_option_matrix.sh (and startup mode matrix where applicable); comparator evidence run passes in default and --posix lanes.
C1.OPT.SHORT.s	1	invocation.short-option	option	-s	present	covered	covered	run_bash_invocation_option_matrix.sh	-s recognized; trailing args currently mis-handled in CLI split path. Validated by passing run_bash_invocation_option_matrix.sh.
C1.OPT.SHORT.v	1	invocation.short-option	option	-v	present	covered	covered	run_bash_invocation_option_matrix.sh	Mapped by run_bash_invocation_option_matrix.sh (and startup mode matrix where applicable); comparator evidence run passes in default and --posix lanes.
C1.OPT.SHORT.x	1	invocation.short-option	option	-x	present	covered	covered	run_bash_invocation_option_matrix.sh	Mapped by run_bash_invocation_option_matrix.sh (and startup mode matrix where applicable); comparator evidence run passes in default and --posix lanes.
C1.OPT.SHORT.D	1	invocation.short-option	option	-D	present	covered	covered	run_bash_invocation_option_matrix.sh	-D currently rejected as illegal option. Validated by passing run_bash_invocation_option_matrix.sh.
C1.OPT.SHORT.O	1	invocation.short-option	option	-O [shopt_option]	present	covered	covered	run_bash_invocation_option_matrix.sh	Invocation option handling validated by run_bash_invocation_option_matrix.sh; shopt semantics tracked separately in category 10.
C1.OPT.SHORT.PLUSO	1	invocation.short-option	option	+O [shopt_option]	present	covered	covered	run_bash_invocation_option_matrix.sh	Invocation option handling validated by run_bash_invocation_option_matrix.sh; shopt semantics tracked separately in category 10.
C1.OPT.SHORT.DASHDASH	1	invocation.short-option	option	--	present	covered	covered	run_bash_invocation_option_matrix.sh,run_startup_mode_matrix.sh	Mapped by run_bash_invocation_option_matrix.sh (and startup mode matrix where applicable); comparator evidence run passes in default and --posix lanes.
C1.OPT.SHORT.SINGLEDASH	1	invocation.short-option	option	- (as argument)	present	covered	covered	run_bash_invocation_option_matrix.sh,run_startup_mode_matrix.sh	Mapped by run_bash_invocation_option_matrix.sh (and startup mode matrix where applicable); comparator evidence run passes in default and --posix lanes.
C1.OPT.LONG.DEBUGGER	1	invocation.long-option	option	--debugger	present	covered	covered	run_bash_invocation_option_matrix.sh	Mapped by run_bash_invocation_option_matrix.sh (and startup mode matrix where applicable); comparator evidence run passes in default and --posix lanes.
C1.OPT.LONG.DUMP_PO_STRINGS	1	invocation.long-option	option	--dump-po-strings	present	covered	covered	run_bash_invocation_option_matrix.sh	--dump-po-strings currently rejected as illegal option. Validated by passing run_bash_invocation_option_matrix.sh.
C1.OPT.LONG.DUMP_STRINGS	1	invocation.long-option	option	--dump-strings	present	covered	covered	run_bash_invocation_option_matrix.sh	--dump-strings currently rejected as illegal option. Validated by passing run_bash_invocation_option_matrix.sh.
C1.OPT.LONG.HELP	1	invocation.long-option	option	--help	present	covered	covered	run_bash_invocation_option_matrix.sh	Mapped by run_bash_invocation_option_matrix.sh (and startup mode matrix where applicable); comparator evidence run passes in default and --posix lanes.
C1.OPT.LONG.INIT_FILE_FILE	1	invocation.long-option	option	--init-file FILE	present	covered	covered	run_bash_invocation_option_matrix.sh	Mapped by run_bash_invocation_option_matrix.sh (and startup mode matrix where applicable); comparator evidence run passes in default and --posix lanes.
C1.OPT.LONG.RCFILE_FILE	1	invocation.long-option	option	--rcfile FILE	present	covered	covered	run_bash_invocation_option_matrix.sh	Mapped by run_bash_invocation_option_matrix.sh (and startup mode matrix where applicable); comparator evidence run passes in default and --posix lanes.
C1.OPT.LONG.LOGIN	1	invocation.long-option	option	--login	present	covered	covered	run_bash_invocation_option_matrix.sh	Mapped by run_bash_invocation_option_matrix.sh (and startup mode matrix where applicable); comparator evidence run passes in default and --posix lanes.
C1.OPT.LONG.NOEDITING	1	invocation.long-option	option	--noediting	present	covered	covered	run_bash_invocation_option_matrix.sh	Mapped by run_bash_invocation_option_matrix.sh (and startup mode matrix where applicable); comparator evidence run passes in default and --posix lanes.
C1.OPT.LONG.NOPROFILE	1	invocation.long-option	option	--noprofile	present	covered	covered	run_bash_invocation_option_matrix.sh	Mapped by run_bash_invocation_option_matrix.sh (and startup mode matrix where applicable); comparator evidence run passes in default and --posix lanes.
C1.OPT.LONG.NORC	1	invocation.long-option	option	--norc	present	covered	covered	run_bash_invocation_option_matrix.sh	Mapped by run_bash_invocation_option_matrix.sh (and startup mode matrix where applicable); comparator evidence run passes in default and --posix lanes.
C1.OPT.LONG.POSIX	1	invocation.long-option	option	--posix	present	covered	covered	run_bash_invocation_option_matrix.sh	Mapped by run_bash_invocation_option_matrix.sh (and startup mode matrix where applicable); comparator evidence run passes in default and --posix lanes.
C1.OPT.LONG.RESTRICTED	1	invocation.long-option	option	--restricted	present	covered	covered	run_bash_invocation_option_matrix.sh	Mapped by run_bash_invocation_option_matrix.sh (and startup mode matrix where applicable); comparator evidence run passes in default and --posix lanes.
C1.OPT.LONG.VERBOSE	1	invocation.long-option	option	--verbose	present	covered	covered	run_bash_invocation_option_matrix.sh	--verbose currently rejected as illegal option; -v exists. Validated by passing run_bash_invocation_option_matrix.sh.
C1.OPT.LONG.VERSION	1	invocation.long-option	option	--version	present	covered	covered	run_bash_invocation_option_matrix.sh	Mapped by run_bash_invocation_option_matrix.sh (and startup mode matrix where applicable); comparator evidence run passes in default and --posix lanes.
C1.OPT.SET.a	1	invocation.set-short-option	option	-a	present	covered	covered	bash-man-seto-surface.sh	Mapped by bash-man-seto-surface.sh; comparator evidence run passes in default and --posix lanes.
C1.OPT.SET.b	1	invocation.set-short-option	option	-b	present	covered	covered	bash-man-seto-surface.sh	Mapped by bash-man-seto-surface.sh; comparator evidence run passes in default and --posix lanes.
C1.OPT.SET.e	1	invocation.set-short-option	option	-e	present	covered	covered	bash-man-seto-surface.sh	Mapped by bash-man-seto-surface.sh; comparator evidence run passes in default and --posix lanes.
C1.OPT.SET.f	1	invocation.set-short-option	option	-f	present	covered	covered	bash-man-seto-surface.sh	Mapped by bash-man-seto-surface.sh; comparator evidence run passes in default and --posix lanes.
C1.OPT.SET.h	1	invocation.set-short-option	option	-h	present	covered	covered	bash-man-seto-surface.sh	Mapped by bash-man-seto-surface.sh; comparator evidence run passes in default and --posix lanes.
C1.OPT.SET.k	1	invocation.set-short-option	option	-k	present	covered	covered	bash-man-seto-surface.sh	Mapped by bash-man-seto-surface.sh; comparator evidence run passes in default and --posix lanes.
C1.OPT.SET.m	1	invocation.set-short-option	option	-m	present	covered	covered	bash-man-seto-surface.sh	Mapped by bash-man-seto-surface.sh; comparator evidence run passes in default and --posix lanes.
C1.OPT.SET.n	1	invocation.set-short-option	option	-n	present	covered	covered	bash-man-seto-surface.sh	Mapped by bash-man-seto-surface.sh; comparator evidence run passes in default and --posix lanes.
C1.OPT.SET.p	1	invocation.set-short-option	option	-p	present	covered	covered	bash-man-seto-surface.sh	Mapped by bash-man-seto-surface.sh; comparator evidence run passes in default and --posix lanes.
C1.OPT.SET.t	1	invocation.set-short-option	option	-t	present	covered	covered	bash-man-seto-surface.sh	Mapped by bash-man-seto-surface.sh; comparator evidence run passes in default and --posix lanes.
C1.OPT.SET.u	1	invocation.set-short-option	option	-u	present	covered	covered	bash-man-seto-surface.sh	Mapped by bash-man-seto-surface.sh; comparator evidence run passes in default and --posix lanes.
C1.OPT.SET.v	1	invocation.set-short-option	option	-v	present	covered	covered	bash-man-seto-surface.sh	Mapped by bash-man-seto-surface.sh; comparator evidence run passes in default and --posix lanes.
C1.OPT.SET.x	1	invocation.set-short-option	option	-x	present	covered	covered	bash-man-seto-surface.sh	Mapped by bash-man-seto-surface.sh; comparator evidence run passes in default and --posix lanes.
C1.OPT.SET.B	1	invocation.set-short-option	option	-B	present	covered	covered	bash-man-seto-surface.sh	Mapped by bash-man-seto-surface.sh; comparator evidence run passes in default and --posix lanes.
C1.OPT.SET.C	1	invocation.set-short-option	option	-C	present	covered	covered	bash-man-seto-surface.sh	Mapped by bash-man-seto-surface.sh; comparator evidence run passes in default and --posix lanes.
C1.OPT.SET.E	1	invocation.set-short-option	option	-E	present	covered	covered	bash-man-seto-surface.sh	Mapped by bash-man-seto-surface.sh; comparator evidence run passes in default and --posix lanes.
C1.OPT.SET.H	1	invocation.set-short-option	option	-H	present	covered	covered	bash-man-seto-surface.sh	Mapped by bash-man-seto-surface.sh; comparator evidence run passes in default and --posix lanes.
C1.OPT.SET.P	1	invocation.set-short-option	option	-P	present	covered	covered	bash-man-seto-surface.sh	Mapped by bash-man-seto-surface.sh; comparator evidence run passes in default and --posix lanes.
C1.OPT.SET.T	1	invocation.set-short-option	option	-T	present	covered	covered	bash-man-seto-surface.sh	Mapped by bash-man-seto-surface.sh; comparator evidence run passes in default and --posix lanes.
C1.OPT.SETO.ALLEXPORT	1	invocation.set-o-option	option	allexport	present	covered	covered	bash-man-seto-surface.sh	Mapped by bash-man-seto-surface.sh; comparator evidence run passes in default and --posix lanes.
C1.OPT.SETO.BRACEEXPAND	1	invocation.set-o-option	option	braceexpand	present	covered	covered	bash-man-seto-surface.sh	Mapped by bash-man-seto-surface.sh; comparator evidence run passes in default and --posix lanes.
C1.OPT.SETO.EMACS	1	invocation.set-o-option	option	emacs	present	covered	covered	bash-man-seto-surface.sh	Mapped by bash-man-seto-surface.sh; comparator evidence run passes in default and --posix lanes.
C1.OPT.SETO.ERREXIT	1	invocation.set-o-option	option	errexit	present	covered	covered	bash-man-seto-surface.sh	Mapped by bash-man-seto-surface.sh; comparator evidence run passes in default and --posix lanes.
C1.OPT.SETO.ERRTRACE	1	invocation.set-o-option	option	errtrace	present	covered	covered	bash-man-seto-surface.sh	Mapped by bash-man-seto-surface.sh; comparator evidence run passes in default and --posix lanes.
C1.OPT.SETO.FUNCTRACE	1	invocation.set-o-option	option	functrace	present	covered	covered	bash-man-seto-surface.sh	Mapped by bash-man-seto-surface.sh; comparator evidence run passes in default and --posix lanes.
C1.OPT.SETO.HASHALL	1	invocation.set-o-option	option	hashall	present	covered	covered	bash-man-seto-surface.sh	Mapped by bash-man-seto-surface.sh; comparator evidence run passes in default and --posix lanes.
C1.OPT.SETO.HISTEXPAND	1	invocation.set-o-option	option	histexpand	present	covered	covered	bash-man-seto-surface.sh	Mapped by bash-man-seto-surface.sh; comparator evidence run passes in default and --posix lanes.
C1.OPT.SETO.HISTORY	1	invocation.set-o-option	option	history	present	covered	covered	bash-man-seto-surface.sh	Mapped by bash-man-seto-surface.sh; comparator evidence run passes in default and --posix lanes.
C1.OPT.SETO.IGNOREEOF	1	invocation.set-o-option	option	ignoreeof	present	covered	covered	bash-man-seto-surface.sh	Mapped by bash-man-seto-surface.sh; comparator evidence run passes in default and --posix lanes.
C1.OPT.SETO.INTERACTIVE_COMMENTS	1	invocation.set-o-option	option	interactive-comments	present	covered	covered	bash-man-seto-surface.sh	Mapped by bash-man-seto-surface.sh; comparator evidence run passes in default and --posix lanes.
C1.OPT.SETO.KEYWORD	1	invocation.set-o-option	option	keyword	present	covered	covered	bash-man-seto-surface.sh	Mapped by bash-man-seto-surface.sh; comparator evidence run passes in default and --posix lanes.
C1.OPT.SETO.MONITOR	1	invocation.set-o-option	option	monitor	present	covered	covered	bash-man-seto-surface.sh	Mapped by bash-man-seto-surface.sh; comparator evidence run passes in default and --posix lanes.
C1.OPT.SETO.NOCLOBBER	1	invocation.set-o-option	option	noclobber	present	covered	covered	bash-man-seto-surface.sh	Mapped by bash-man-seto-surface.sh; comparator evidence run passes in default and --posix lanes.
C1.OPT.SETO.NOEXEC	1	invocation.set-o-option	option	noexec	present	covered	covered	bash-man-seto-surface.sh	Mapped by bash-man-seto-surface.sh; comparator evidence run passes in default and --posix lanes.
C1.OPT.SETO.NOGLOB	1	invocation.set-o-option	option	noglob	present	covered	covered	bash-man-seto-surface.sh	Mapped by bash-man-seto-surface.sh; comparator evidence run passes in default and --posix lanes.
C1.OPT.SETO.NOLOG	1	invocation.set-o-option	option	nolog	present	covered	covered	bash-man-seto-surface.sh	Mapped by bash-man-seto-surface.sh; comparator evidence run passes in default and --posix lanes.
C1.OPT.SETO.NOTIFY	1	invocation.set-o-option	option	notify	present	covered	covered	bash-man-seto-surface.sh	Mapped by bash-man-seto-surface.sh; comparator evidence run passes in default and --posix lanes.
C1.OPT.SETO.NOUNSET	1	invocation.set-o-option	option	nounset	present	covered	covered	bash-man-seto-surface.sh	Mapped by bash-man-seto-surface.sh; comparator evidence run passes in default and --posix lanes.
C1.OPT.SETO.ONECMD	1	invocation.set-o-option	option	onecmd	present	covered	covered	bash-man-seto-surface.sh	Mapped by bash-man-seto-surface.sh; comparator evidence run passes in default and --posix lanes.
C1.OPT.SETO.PHYSICAL	1	invocation.set-o-option	option	physical	present	covered	covered	bash-man-seto-surface.sh	Mapped by bash-man-seto-surface.sh; comparator evidence run passes in default and --posix lanes.
C1.OPT.SETO.PIPEFAIL	1	invocation.set-o-option	option	pipefail	present	covered	covered	bash-man-seto-surface.sh	Mapped by bash-man-seto-surface.sh; comparator evidence run passes in default and --posix lanes.
C1.OPT.SETO.POSIX	1	invocation.set-o-option	option	posix	changed	covered	covered	bash-man-seto-surface.sh	Mapped by bash-man-seto-surface.sh; comparator evidence run passes in default and --posix lanes.
C1.OPT.SETO.PRIVILEGED	1	invocation.set-o-option	option	privileged	present	covered	covered	bash-man-seto-surface.sh	Mapped by bash-man-seto-surface.sh; comparator evidence run passes in default and --posix lanes.
C1.OPT.SETO.VERBOSE	1	invocation.set-o-option	option	verbose	present	covered	covered	bash-man-seto-surface.sh	Mapped by bash-man-seto-surface.sh; comparator evidence run passes in default and --posix lanes.
C1.OPT.SETO.VI	1	invocation.set-o-option	option	vi	present	covered	covered	bash-man-seto-surface.sh	Mapped by bash-man-seto-surface.sh; comparator evidence run passes in default and --posix lanes.
C1.OPT.SETO.XTRACE	1	invocation.set-o-option	option	xtrace	present	covered	covered	bash-man-seto-surface.sh	Mapped by bash-man-seto-surface.sh; comparator evidence run passes in default and --posix lanes.
C1.STARTUP.01	1	invocation.startup-files	behavior	login-shell startup sequence	changed	covered	covered	run_startup_mode_matrix.sh	Row-level evidence mapping assigned from requirement->case rules. Evidence run: mapped tests all pass.
C1.STARTUP.02	1	invocation.startup-files	behavior	interactive non-login startup	changed	covered	covered	run_startup_mode_matrix.sh	Row-level evidence mapping assigned from requirement->case rules. Evidence run: mapped tests all pass.
C1.STARTUP.03	1	invocation.startup-files	behavior	non-interactive startup	changed	covered	covered	run_startup_mode_matrix.sh	Row-level evidence mapping assigned from requirement->case rules. Evidence run: mapped tests all pass.
C1.STARTUP.04	1	invocation.startup-files	behavior	invoked-as-sh startup	changed	covered	covered	run_startup_mode_matrix.sh	Row-level evidence mapping assigned from requirement->case rules. Evidence run: mapped tests all pass.
C1.STARTUP.05	1	invocation.startup-files	behavior	posix mode entry points	changed	covered	covered	run_startup_mode_matrix.sh	Row-level evidence mapping assigned from requirement->case rules. Evidence run: mapped tests all pass.
C1.STARTUP.06	1	invocation.startup-files	behavior	restricted mode entry points	changed	covered	covered	run_startup_mode_matrix.sh	Row-level evidence mapping assigned from requirement->case rules. Evidence run: mapped tests all pass.
C2.GRAM.001	2	grammar.core	grammar	simple command	changed	covered	covered	bash-man-grammar-core.sh	Row-level evidence mapping assigned from requirement->case rules. Evidence run: mapped tests all pass.
C2.GRAM.002	2	grammar.core	grammar	pipeline	changed	covered	covered	bash-man-grammar-core.sh	Row-level evidence mapping assigned from requirement->case rules. Evidence run: mapped tests all pass.
C2.GRAM.003	2	grammar.core	grammar	list with ;	changed	covered	covered	bash-man-grammar-core.sh	Row-level evidence mapping assigned from requirement->case rules. Evidence run: mapped tests all pass.
C2.GRAM.004	2	grammar.core	grammar	list with &	changed	covered	covered	bash-man-grammar-core.sh	Row-level evidence mapping assigned from requirement->case rules. Evidence run: mapped tests all pass.
C2.GRAM.005	2	grammar.core	grammar	AND list (&&)	changed	covered	covered	bash-man-grammar-core.sh	Row-level evidence mapping assigned from requirement->case rules. Evidence run: mapped tests all pass.
C2.GRAM.006	2	grammar.core	grammar	OR list (||)	changed	covered	covered	bash-man-grammar-core.sh	Row-level evidence mapping assigned from requirement->case rules. Evidence run: mapped tests all pass.
C2.GRAM.007	2	grammar.core	grammar	negated pipeline (! pipeline)	changed	covered	covered	bash-man-grammar-core.sh	Row-level evidence mapping assigned from requirement->case rules. Evidence run: mapped tests all pass.
C2.GRAM.008	2	grammar.core	grammar	compound command: ( list ) subshell	changed	covered	covered	bash-man-grammar-core.sh	Row-level evidence mapping assigned from requirement->case rules. Evidence run: mapped tests all pass.
C2.GRAM.009	2	grammar.core	grammar	compound command: { list; } grouping	changed	covered	covered	bash-man-grammar-core.sh	Row-level evidence mapping assigned from requirement->case rules. Evidence run: mapped tests all pass.
C2.GRAM.010	2	grammar.core	grammar	if ... then ... fi	changed	covered	covered	bash-man-grammar-core.sh	Row-level evidence mapping assigned from requirement->case rules. Evidence run: mapped tests all pass.
C2.GRAM.011	2	grammar.core	grammar	if ... then ... else ... fi	changed	covered	covered	bash-man-grammar-core.sh	Row-level evidence mapping assigned from requirement->case rules. Evidence run: mapped tests all pass.
C2.GRAM.012	2	grammar.core	grammar	if ... then ... elif ... fi	changed	covered	covered	bash-man-grammar-core.sh	Row-level evidence mapping assigned from requirement->case rules. Evidence run: mapped tests all pass.
C2.GRAM.013	2	grammar.core	grammar	while ... do ... done	changed	covered	covered	bash-man-grammar-core.sh	Row-level evidence mapping assigned from requirement->case rules. Evidence run: mapped tests all pass.
C2.GRAM.014	2	grammar.core	grammar	until ... do ... done	changed	covered	covered	bash-man-grammar-core.sh	Row-level evidence mapping assigned from requirement->case rules. Evidence run: mapped tests all pass.
C2.GRAM.015	2	grammar.core	grammar	for name in words; do ... done	changed	covered	covered	bash-man-grammar-core.sh	Row-level evidence mapping assigned from requirement->case rules. Evidence run: mapped tests all pass.
C2.GRAM.016	2	grammar.core	grammar	for name; do ... done	changed	covered	covered	bash-man-grammar-core.sh	Row-level evidence mapping assigned from requirement->case rules. Evidence run: mapped tests all pass.
C2.GRAM.017	2	grammar.core	grammar	arithmetic for (( expr1 ; expr2 ; expr3 ))	changed	covered	covered	bash-man-grammar-core.sh	Row-level evidence mapping assigned from requirement->case rules. Evidence run: mapped tests all pass.
C2.GRAM.018	2	grammar.core	grammar	case WORD in ... esac	changed	covered	covered	bash-man-grammar-core.sh	Row-level evidence mapping assigned from requirement->case rules. Evidence run: mapped tests all pass.
C2.GRAM.019	2	grammar.core	grammar	select NAME in ...; do ... done	changed	covered	covered	bash-man-grammar-select-coproc.sh	select keyword parser/runtime path added; mapped evidence run passes.
C2.GRAM.020	2	grammar.core	grammar	function definition name() compound	changed	covered	covered	bash-man-grammar-core.sh	Row-level evidence mapping assigned from requirement->case rules. Evidence run: mapped tests all pass.
C2.GRAM.021	2	grammar.core	grammar	function keyword form function name [()] compound	changed	covered	covered	bash-man-grammar-core.sh,man-ash-grammar-word-matrix.sh	Row-level evidence mapping assigned from requirement->case rules. Evidence run: mapped tests all pass.
C2.GRAM.022	2	grammar.core	grammar	[[ conditional command ]]	changed	covered	covered	bash-man-grammar-core.sh,man-ash-grammar-word-matrix.sh	Row-level evidence mapping assigned from requirement->case rules. Evidence run: mapped tests all pass.
C2.GRAM.023	2	grammar.core	grammar	(( arithmetic command ))	changed	covered	covered	bash-man-grammar-core.sh,man-ash-grammar-word-matrix.sh	Row-level evidence mapping assigned from requirement->case rules. Evidence run: mapped tests all pass.
C2.GRAM.024	2	grammar.core	grammar	coproc command	changed	covered	covered	bash-man-grammar-select-coproc.sh	coproc parser/runtime path added; mapped evidence run passes.
C2.GRAM.025	2	grammar.core	grammar	time reserved word and -p form	changed	covered	covered	bash-man-grammar-core.sh	Row-level evidence mapping assigned from requirement->case rules. Evidence run: mapped tests all pass.
C2.GRAM.026	2	grammar.core	grammar	newline as command separator	changed	covered	covered	bash-man-grammar-core.sh	Row-level evidence mapping assigned from requirement->case rules. Evidence run: mapped tests all pass.
C2.GRAM.027	2	grammar.core	grammar	comments in interactive/non-interactive modes	changed	covered	covered	bash-man-grammar-core.sh	Row-level evidence mapping assigned from requirement->case rules. Evidence run: mapped tests all pass.
C2.GRAM.028	2	grammar.core	grammar	here-doc grammar attachment and queueing	changed	covered	covered	bash-man-grammar-core.sh	Row-level evidence mapping assigned from requirement->case rules. Evidence run: mapped tests all pass.
C3.EXP.001	3	expansion	expansion	brace expansion {a,b}	extension	covered	covered	bash-man-expansion-brace-locale.sh	brace expansion implemented for structured fields; mapped evidence run passes.
C3.EXP.002	3	expansion	expansion	tilde expansion ~ and ~user	present	covered	covered	bash-man-expansion-core.sh	Row-level evidence mapping assigned from requirement->case rules. Evidence run: mapped tests all pass.
C3.EXP.003	3	expansion	expansion	parameter expansion $name ${name}	present	covered	covered	man-ash-var-ops-matrix.sh,bash-compat-param-array-hash-extended.sh	Expansion rows validated by man-ash-var-ops-matrix.sh, bash-compat-param-array-hash-extended.sh, and bash-man-expansion-process-subst.sh; comparator evidence runs pass in default and --posix lanes.
C3.EXP.004	3	expansion	expansion	special parameters $* $@ $# $? $- $$ $! $0	present	covered	covered	man-ash-var-ops-matrix.sh,bash-compat-param-array-hash-extended.sh	Expansion rows validated by man-ash-var-ops-matrix.sh, bash-compat-param-array-hash-extended.sh, and bash-man-expansion-process-subst.sh; comparator evidence runs pass in default and --posix lanes.
C3.EXP.005	3	expansion	expansion	positional parameters $1..${N}	present	covered	covered	man-ash-var-ops-matrix.sh,bash-compat-param-array-hash-extended.sh	Expansion rows validated by man-ash-var-ops-matrix.sh, bash-compat-param-array-hash-extended.sh, and bash-man-expansion-process-subst.sh; comparator evidence runs pass in default and --posix lanes.
C3.EXP.006	3	expansion	expansion	parameter default operators ${v-word} ${v:-word}	present	covered	covered	man-ash-var-ops-matrix.sh,bash-compat-param-array-hash-extended.sh	Expansion rows validated by man-ash-var-ops-matrix.sh, bash-compat-param-array-hash-extended.sh, and bash-man-expansion-process-subst.sh; comparator evidence runs pass in default and --posix lanes.
C3.EXP.007	3	expansion	expansion	parameter assign operators ${v=word} ${v:=word}	present	covered	covered	man-ash-var-ops-matrix.sh,bash-compat-param-array-hash-extended.sh	Expansion rows validated by man-ash-var-ops-matrix.sh, bash-compat-param-array-hash-extended.sh, and bash-man-expansion-process-subst.sh; comparator evidence runs pass in default and --posix lanes.
C3.EXP.008	3	expansion	expansion	parameter error operators ${v?word} ${v:?word}	present	covered	covered	man-ash-var-ops-matrix.sh,bash-compat-param-array-hash-extended.sh	Expansion rows validated by man-ash-var-ops-matrix.sh, bash-compat-param-array-hash-extended.sh, and bash-man-expansion-process-subst.sh; comparator evidence runs pass in default and --posix lanes.
C3.EXP.009	3	expansion	expansion	parameter alternate operators ${v+word} ${v:+word}	present	covered	covered	man-ash-var-ops-matrix.sh,bash-compat-param-array-hash-extended.sh	Expansion rows validated by man-ash-var-ops-matrix.sh, bash-compat-param-array-hash-extended.sh, and bash-man-expansion-process-subst.sh; comparator evidence runs pass in default and --posix lanes.
C3.EXP.010	3	expansion	expansion	substring expansion ${v:offset} ${v:offset:length}	present	covered	covered	bash-man-expansion-core.sh	Row-level evidence mapping assigned from requirement->case rules. Evidence run: mapped tests all pass.
C3.EXP.011	3	expansion	expansion	length expansion ${#v}	present	covered	covered	bash-man-expansion-core.sh	Row-level evidence mapping assigned from requirement->case rules. Evidence run: mapped tests all pass.
C3.EXP.012	3	expansion	expansion	prefix trim ${v#pat} ${v##pat}	present	covered	covered	bash-man-expansion-core.sh	Row-level evidence mapping assigned from requirement->case rules. Evidence run: mapped tests all pass.
C3.EXP.013	3	expansion	expansion	suffix trim ${v%pat} ${v%%pat}	present	covered	covered	bash-man-expansion-core.sh	Row-level evidence mapping assigned from requirement->case rules. Evidence run: mapped tests all pass.
C3.EXP.014	3	expansion	expansion	replacement ${v/pat/repl} ${v//pat/repl}	present	covered	covered	bash-man-expansion-core.sh	Row-level evidence mapping assigned from requirement->case rules. Evidence run: mapped tests all pass.
C3.EXP.015	3	expansion	expansion	case modification ${v^} ${v^^} ${v,} ${v,,}	extension	covered	covered	man-ash-var-ops-matrix.sh,bash-compat-param-array-hash-extended.sh	Expansion rows validated by man-ash-var-ops-matrix.sh, bash-compat-param-array-hash-extended.sh, and bash-man-expansion-process-subst.sh; comparator evidence runs pass in default and --posix lanes.
C3.EXP.016	3	expansion	expansion	transformation operator ${v@op} (scalar/positional/array variants)	extension	covered	covered	bash-man-param-transform-ops.sh,bash-man-param-transform-ops-variants.sh,bash-man-param-transform-prompt.sh,bash-man-param-transform-prompt-escapes.sh	`${v@Q,P,A,a,E,U,u,L}` scalar/positional/array lanes and prompt-transform escape coverage now execute with bash-parity evidence.
C3.EXP.017	3	expansion	expansion	indirection ${!name}	extension	covered	covered	man-ash-var-ops-matrix.sh,bash-compat-param-array-hash-extended.sh	Expansion rows validated by man-ash-var-ops-matrix.sh, bash-compat-param-array-hash-extended.sh, and bash-man-expansion-process-subst.sh; comparator evidence runs pass in default and --posix lanes.
C3.EXP.018	3	expansion	expansion	name expansion ${!prefix*} ${!prefix@}	extension	covered	covered	man-ash-var-ops-matrix.sh,bash-compat-param-array-hash-extended.sh	Expansion rows validated by man-ash-var-ops-matrix.sh, bash-compat-param-array-hash-extended.sh, and bash-man-expansion-process-subst.sh; comparator evidence runs pass in default and --posix lanes.
C3.EXP.019	3	expansion	expansion	array subscript expansion ${a[i]} ${a[@]} ${a[*]}	present	covered	covered	man-ash-var-ops-matrix.sh,bash-compat-param-array-hash-extended.sh	Expansion rows validated by man-ash-var-ops-matrix.sh, bash-compat-param-array-hash-extended.sh, and bash-man-expansion-process-subst.sh; comparator evidence runs pass in default and --posix lanes.
C3.EXP.020	3	expansion	expansion	array slicing ${a[@]:o:l}	present	covered	covered	man-ash-var-ops-matrix.sh,bash-compat-param-array-hash-extended.sh	Expansion rows validated by man-ash-var-ops-matrix.sh, bash-compat-param-array-hash-extended.sh, and bash-man-expansion-process-subst.sh; comparator evidence runs pass in default and --posix lanes.
C3.EXP.021	3	expansion	expansion	command substitution $(cmd)	present	covered	covered	bash-man-expansion-core.sh	Row-level evidence mapping assigned from requirement->case rules. Evidence run: mapped tests all pass.
C3.EXP.022	3	expansion	expansion	backtick substitution `cmd`	present	covered	covered	bash-man-expansion-core.sh	Row-level evidence mapping assigned from requirement->case rules. Evidence run: mapped tests all pass.
C3.EXP.023	3	expansion	expansion	arithmetic expansion $((expr))	present	covered	covered	bash-man-expansion-core.sh	Row-level evidence mapping assigned from requirement->case rules. Evidence run: mapped tests all pass.
C3.EXP.024	3	expansion	expansion	process substitution <(cmd) >(cmd)	extension	covered	covered	bash-man-expansion-process-subst.sh	Expansion rows validated by man-ash-var-ops-matrix.sh, bash-compat-param-array-hash-extended.sh, and bash-man-expansion-process-subst.sh; comparator evidence runs pass in default and --posix lanes.
C3.EXP.025	3	expansion	expansion	word splitting using IFS	present	covered	covered	man-ash-glob-full-matrix.sh	Row-level evidence mapping assigned from requirement->case rules. Evidence run: mapped tests all pass.
C3.EXP.026	3	expansion	expansion	pathname expansion (globbing)	extension	covered	covered	man-ash-var-ops-matrix.sh,bash-compat-param-array-hash-extended.sh	Expansion rows validated by man-ash-var-ops-matrix.sh, bash-compat-param-array-hash-extended.sh, and bash-man-expansion-process-subst.sh; comparator evidence runs pass in default and --posix lanes.
C3.EXP.027	3	expansion	expansion	quote removal	present	covered	covered	bash-man-expansion-core.sh	Row-level evidence mapping assigned from requirement->case rules. Evidence run: mapped tests all pass.
C3.EXP.028	3	expansion	expansion	ANSI-C quoting $'...'	extension	covered	covered	bash-man-expansion-core.sh	Row-level evidence mapping assigned from requirement->case rules. Evidence run: mapped tests all pass.
C3.EXP.029	3	expansion	expansion	"locale translation quoting $""..."""	extension	covered	covered	bash-man-expansion-brace-locale.sh	"locale $""..."" parsing/execution path implemented (identity translation under C locale); mapped evidence run passes."
C3.EXP.030	3	expansion	expansion	command substitution newline trimming	present	covered	covered	bash-man-expansion-core.sh	Row-level evidence mapping assigned from requirement->case rules. Evidence run: mapped tests all pass.
C3.EXP.031	3	expansion	expansion	expansion order as documented in EXPANSION	present	covered	covered	bash-man-expansion-core.sh	Row-level evidence mapping assigned from requirement->case rules. Evidence run: mapped tests all pass.
C4.REDIR.001	4	redirection	redirection	[n]<word input redirection	present	covered	covered	man-ash-redir-heredoc-matrix.sh	Row-level evidence mapping assigned from requirement->case rules. Evidence run: mapped tests all pass.
C4.REDIR.002	4	redirection	redirection	[n]>word output redirection	present	covered	covered	man-ash-redir-heredoc-matrix.sh	Row-level evidence mapping assigned from requirement->case rules. Evidence run: mapped tests all pass.
C4.REDIR.003	4	redirection	redirection	[n]>>word append redirection	present	covered	covered	man-ash-redir-heredoc-matrix.sh	Row-level evidence mapping assigned from requirement->case rules. Evidence run: mapped tests all pass.
C4.REDIR.004	4	redirection	redirection	[n]<>word read/write redirection	present	covered	covered	man-ash-redir-heredoc-matrix.sh	Row-level evidence mapping assigned from requirement->case rules. Evidence run: mapped tests all pass.
C4.REDIR.005	4	redirection	redirection	[n]>&word duplicate output fd	present	covered	covered	man-ash-redir-heredoc-matrix.sh	Row-level evidence mapping assigned from requirement->case rules. Evidence run: mapped tests all pass.
C4.REDIR.006	4	redirection	redirection	[n]<&word duplicate input fd	present	covered	covered	man-ash-redir-heredoc-matrix.sh	Row-level evidence mapping assigned from requirement->case rules. Evidence run: mapped tests all pass.
C4.REDIR.007	4	redirection	redirection	[n]>&- close output fd	present	covered	covered	man-ash-redir-heredoc-matrix.sh	Row-level evidence mapping assigned from requirement->case rules. Evidence run: mapped tests all pass.
C4.REDIR.008	4	redirection	redirection	[n]<&- close input fd	present	covered	covered	man-ash-redir-heredoc-matrix.sh	Row-level evidence mapping assigned from requirement->case rules. Evidence run: mapped tests all pass.
C4.REDIR.009	4	redirection	redirection	[n]>|word noclobber override	present	covered	covered	man-ash-redir-heredoc-matrix.sh	Row-level evidence mapping assigned from requirement->case rules. Evidence run: mapped tests all pass.
C4.REDIR.010	4	redirection	redirection	here-document <<word	present	covered	covered	man-ash-redir-heredoc-matrix.sh	Row-level evidence mapping assigned from requirement->case rules. Evidence run: mapped tests all pass.
C4.REDIR.011	4	redirection	redirection	here-document with tab-strip <<-word	present	covered	covered	man-ash-redir-heredoc-matrix.sh	Row-level evidence mapping assigned from requirement->case rules. Evidence run: mapped tests all pass.
C4.REDIR.012	4	redirection	redirection	here-string <<<word	extension	covered	covered	bash-man-redir-here-string.sh	here-string parser/runtime path implemented; mapped evidence run passes.
C4.REDIR.013	4	redirection	redirection	redirect stdout+stderr &>word	extension	covered	covered	bash-man-redir-bash-ext.sh	Row-level evidence mapping assigned from requirement->case rules. Evidence run: mapped tests all pass.
C4.REDIR.014	4	redirection	redirection	append stdout+stderr &>>word	extension	covered	covered	bash-man-redir-bash-ext.sh	Row-level evidence mapping assigned from requirement->case rules. Evidence run: mapped tests all pass.
C4.REDIR.015	4	redirection	redirection	move fd [n]>&digit- and [n]<&digit-	present	covered	covered	man-ash-redir-heredoc-matrix.sh	Row-level evidence mapping assigned from requirement->case rules. Evidence run: mapped tests all pass.
C4.REDIR.016	4	redirection	redirection	named-fd redirection {varname}<word and family	extension	covered	covered	bash-man-redir-bash-ext.sh	Row-level evidence mapping assigned from requirement->case rules. Evidence run: mapped tests all pass.
C4.REDIR.017	4	redirection	redirection	/dev/fd/N pseudo-path redirection	present	covered	covered	man-ash-redir-heredoc-matrix.sh	Row-level evidence mapping assigned from requirement->case rules. Evidence run: mapped tests all pass.
C4.REDIR.018	4	redirection	redirection	/dev/stdin /dev/stdout /dev/stderr handling	present	covered	covered	man-ash-redir-heredoc-matrix.sh	Row-level evidence mapping assigned from requirement->case rules. Evidence run: mapped tests all pass.
C4.REDIR.019	4	redirection	redirection	/dev/tcp/host/port redirection	extension	covered	covered	bash-man-redir-bash-ext.sh	Row-level evidence mapping assigned from requirement->case rules. Evidence run: mapped tests all pass.
C4.REDIR.020	4	redirection	redirection	/dev/udp/host/port redirection	extension	covered	covered	bash-man-redir-bash-ext.sh	Row-level evidence mapping assigned from requirement->case rules. Evidence run: mapped tests all pass.
C4.REDIR.021	4	redirection	redirection	redirection ordering left-to-right	present	covered	covered	man-ash-redir-heredoc-matrix.sh	Row-level evidence mapping assigned from requirement->case rules. Evidence run: mapped tests all pass.
C5.BUILTIN.DOT	5	builtin.command	builtin	.	present	covered	covered	man-bash-posix-05-dot-source	Seeded from tests/compat/bash_posix_man_coverage.tsv
C5.BUILTIN.COLON	5	builtin.command	builtin	:	present	covered	covered	man-bash-posix-04-misc-builtins	Seeded from tests/compat/bash_posix_man_coverage.tsv
C5.BUILTIN.LBRACK	5	builtin.command	builtin	[	present	covered	covered	man-bash-posix-03-io-signals.sh	Mapped to test/[ parity case via man-bash-posix-03-io-signals.sh.
C5.BUILTIN.ALIAS	5	builtin.command	builtin	alias	extension	covered	covered	man-bash-posix-04-misc-builtins	Seeded from tests/compat/bash_posix_man_coverage.tsv
C5.BUILTIN.BG	5	builtin.command	builtin	bg	extension	covered	covered	man-bash-posix-10-jobs-fg-bg-interactive	Seeded from tests/compat/bash_posix_man_coverage.tsv
C5.BUILTIN.BIND	5	builtin.command	builtin	bind	extension	covered	covered	bash-builtin-completion	Seeded from tests/compat/bash_posix_man_coverage.tsv
C5.BUILTIN.BREAK	5	builtin.command	builtin	break	present	covered	covered	man-bash-posix-06-loop-control	Seeded from tests/compat/bash_posix_man_coverage.tsv
C5.BUILTIN.BUILTIN	5	builtin.command	builtin	builtin	extension	covered	covered	man-bash-posix-07-builtin-dispatch	Seeded from tests/compat/bash_posix_man_coverage.tsv
C5.BUILTIN.CALLER	5	builtin.command	builtin	caller	extension	covered	covered	man-bash-posix-11-extension-builtins-core	Seeded from tests/compat/bash_posix_man_coverage.tsv
C5.BUILTIN.CD	5	builtin.command	builtin	cd	present	covered	covered	man-bash-posix-02-path-command	Seeded from tests/compat/bash_posix_man_coverage.tsv
C5.BUILTIN.COMMAND	5	builtin.command	builtin	command	extension	covered	covered	man-bash-posix-02-path-command	Seeded from tests/compat/bash_posix_man_coverage.tsv
C5.BUILTIN.COMPGEN	5	builtin.command	builtin	compgen	extension	covered	covered	bash-builtin-completion	Seeded from tests/compat/bash_posix_man_coverage.tsv
C5.BUILTIN.COMPLETE	5	builtin.command	builtin	complete	extension	covered	covered	bash-builtin-completion	Seeded from tests/compat/bash_posix_man_coverage.tsv
C5.BUILTIN.COMPOPT	5	builtin.command	builtin	compopt	extension	covered	covered	bash-builtin-completion	Seeded from tests/compat/bash_posix_man_coverage.tsv
C5.BUILTIN.CONTINUE	5	builtin.command	builtin	continue	present	covered	covered	man-bash-posix-06-loop-control	Seeded from tests/compat/bash_posix_man_coverage.tsv
C5.BUILTIN.DECLARE	5	builtin.command	builtin	declare	extension	covered	covered	man-bash-posix-08-declare-posix-policy	Seeded from tests/compat/bash_posix_man_coverage.tsv
C5.BUILTIN.DIRS	5	builtin.command	builtin	dirs	extension	covered	covered	bash-builtin-dirstack	Seeded from tests/compat/bash_posix_man_coverage.tsv
C5.BUILTIN.DISOWN	5	builtin.command	builtin	disown	extension	covered	covered	bash-builtin-disown	Seeded from tests/compat/bash_posix_man_coverage.tsv
C5.BUILTIN.ECHO	5	builtin.command	builtin	echo	extension	covered	covered	man-bash-posix-04-misc-builtins	Seeded from tests/compat/bash_posix_man_coverage.tsv
C5.BUILTIN.ENABLE	5	builtin.command	builtin	enable	extension	covered	covered	bash-builtin-enable	Seeded from tests/compat/bash_posix_man_coverage.tsv
C5.BUILTIN.EVAL	5	builtin.command	builtin	eval	present	covered	covered	man-bash-posix-04-misc-builtins	Seeded from tests/compat/bash_posix_man_coverage.tsv
C5.BUILTIN.EXEC	5	builtin.command	builtin	exec	present	covered	covered	man-bash-posix-04-misc-builtins	Seeded from tests/compat/bash_posix_man_coverage.tsv
C5.BUILTIN.EXIT	5	builtin.command	builtin	exit	present	covered	covered	man-bash-posix-09-return-exit	Seeded from tests/compat/bash_posix_man_coverage.tsv
C5.BUILTIN.EXPORT	5	builtin.command	builtin	export	present	covered	covered	man-bash-posix-01-core-state	Seeded from tests/compat/bash_posix_man_coverage.tsv
C5.BUILTIN.FALSE	5	builtin.command	builtin	false	extension	covered	covered	man-bash-posix-04-misc-builtins	Seeded from tests/compat/bash_posix_man_coverage.tsv
C5.BUILTIN.FC	5	builtin.command	builtin	fc	extension	covered	covered	man-ash-fc	Seeded from tests/compat/bash_posix_man_coverage.tsv
C5.BUILTIN.FG	5	builtin.command	builtin	fg	extension	covered	covered	man-bash-posix-10-jobs-fg-bg-interactive	Seeded from tests/compat/bash_posix_man_coverage.tsv
C5.BUILTIN.GETOPTS	5	builtin.command	builtin	getopts	present	covered	covered	man-bash-posix-01-core-state	Seeded from tests/compat/bash_posix_man_coverage.tsv
C5.BUILTIN.HASH	5	builtin.command	builtin	hash	present	covered	covered	man-bash-posix-02-path-command	Seeded from tests/compat/bash_posix_man_coverage.tsv
C5.BUILTIN.HELP	5	builtin.command	builtin	help	extension	covered	covered	bash-builtin-help	Seeded from tests/compat/bash_posix_man_coverage.tsv
C5.BUILTIN.HISTORY	5	builtin.command	builtin	history	extension	covered	covered	man-bash-posix-12-history-suspend-logout	Seeded from tests/compat/bash_posix_man_coverage.tsv
C5.BUILTIN.JOBS	5	builtin.command	builtin	jobs	extension	covered	covered	man-bash-posix-10-jobs-fg-bg-interactive	Seeded from tests/compat/bash_posix_man_coverage.tsv
C5.BUILTIN.KILL	5	builtin.command	builtin	kill	extension	covered	covered	man-bash-posix-03-io-signals	Seeded from tests/compat/bash_posix_man_coverage.tsv
C5.BUILTIN.LET	5	builtin.command	builtin	let	extension	covered	covered	man-bash-posix-11-extension-builtins-core	Seeded from tests/compat/bash_posix_man_coverage.tsv
C5.BUILTIN.LOCAL	5	builtin.command	builtin	local	extension	covered	covered	bash-builtin-declare-typeset-local	Seeded from tests/compat/bash_posix_man_coverage.tsv
C5.BUILTIN.LOGOUT	5	builtin.command	builtin	logout	extension	covered	covered	man-bash-posix-12-history-suspend-logout	Seeded from tests/compat/bash_posix_man_coverage.tsv
C5.BUILTIN.MAPFILE	5	builtin.command	builtin	mapfile	extension	covered	covered	bash-compat-mapfile-readarray	Seeded from tests/compat/bash_posix_man_coverage.tsv
C5.BUILTIN.POPD	5	builtin.command	builtin	popd	extension	covered	covered	bash-builtin-dirstack	Seeded from tests/compat/bash_posix_man_coverage.tsv
C5.BUILTIN.PRINTF	5	builtin.command	builtin	printf	extension	covered	covered	man-bash-posix-04-misc-builtins	Seeded from tests/compat/bash_posix_man_coverage.tsv
C5.BUILTIN.PUSHD	5	builtin.command	builtin	pushd	extension	covered	covered	bash-builtin-dirstack	Seeded from tests/compat/bash_posix_man_coverage.tsv
C5.BUILTIN.PWD	5	builtin.command	builtin	pwd	present	covered	covered	man-bash-posix-02-path-command	Seeded from tests/compat/bash_posix_man_coverage.tsv
C5.BUILTIN.READ	5	builtin.command	builtin	read	extension	covered	covered	man-bash-posix-03-io-signals	Seeded from tests/compat/bash_posix_man_coverage.tsv
C5.BUILTIN.READARRAY	5	builtin.command	builtin	readarray	extension	covered	covered	bash-compat-mapfile-readarray	Seeded from tests/compat/bash_posix_man_coverage.tsv
C5.BUILTIN.READONLY	5	builtin.command	builtin	readonly	present	covered	covered	man-bash-posix-01-core-state	Seeded from tests/compat/bash_posix_man_coverage.tsv
C5.BUILTIN.RETURN	5	builtin.command	builtin	return	present	covered	covered	man-bash-posix-09-return-exit	Seeded from tests/compat/bash_posix_man_coverage.tsv
C5.BUILTIN.SET	5	builtin.command	builtin	set	present	covered	covered	man-bash-posix-01-core-state	Seeded from tests/compat/bash_posix_man_coverage.tsv
C5.BUILTIN.SHIFT	5	builtin.command	builtin	shift	present	covered	covered	man-bash-posix-01-core-state	Seeded from tests/compat/bash_posix_man_coverage.tsv
C5.BUILTIN.SHOPT	5	builtin.command	builtin	shopt	extension	covered	covered	man-bash-posix-11-extension-builtins-core	Seeded from tests/compat/bash_posix_man_coverage.tsv
C5.BUILTIN.SOURCE	5	builtin.command	builtin	source	extension	covered	covered	man-bash-posix-05-dot-source	Seeded from tests/compat/bash_posix_man_coverage.tsv
C5.BUILTIN.SUSPEND	5	builtin.command	builtin	suspend	extension	covered	covered	man-bash-posix-12-history-suspend-logout	Seeded from tests/compat/bash_posix_man_coverage.tsv
C5.BUILTIN.TEST	5	builtin.command	builtin	test	present	covered	covered	man-bash-posix-03-io-signals	Seeded from tests/compat/bash_posix_man_coverage.tsv
C5.BUILTIN.TIMES	5	builtin.command	builtin	times	present	covered	covered	man-bash-posix-04-misc-builtins	Seeded from tests/compat/bash_posix_man_coverage.tsv
C5.BUILTIN.TRAP	5	builtin.command	builtin	trap	present	covered	covered	man-bash-posix-03-io-signals	Seeded from tests/compat/bash_posix_man_coverage.tsv
C5.BUILTIN.TRUE	5	builtin.command	builtin	true	extension	covered	covered	man-bash-posix-04-misc-builtins	Seeded from tests/compat/bash_posix_man_coverage.tsv
C5.BUILTIN.TYPE	5	builtin.command	builtin	type	extension	covered	covered	man-bash-posix-02-path-command	Seeded from tests/compat/bash_posix_man_coverage.tsv
C5.BUILTIN.TYPESET	5	builtin.command	builtin	typeset	extension	covered	covered	bash-builtin-declare-typeset-local	Seeded from tests/compat/bash_posix_man_coverage.tsv
C5.BUILTIN.ULIMIT	5	builtin.command	builtin	ulimit	extension	covered	covered	man-bash-posix-04-misc-builtins	Seeded from tests/compat/bash_posix_man_coverage.tsv
C5.BUILTIN.UMASK	5	builtin.command	builtin	umask	present	covered	covered	man-bash-posix-04-misc-builtins	Seeded from tests/compat/bash_posix_man_coverage.tsv
C5.BUILTIN.UNALIAS	5	builtin.command	builtin	unalias	present	covered	covered	man-bash-posix-04-misc-builtins	Seeded from tests/compat/bash_posix_man_coverage.tsv
C5.BUILTIN.UNSET	5	builtin.command	builtin	unset	present	covered	covered	man-bash-posix-01-core-state	Seeded from tests/compat/bash_posix_man_coverage.tsv
C5.BUILTIN.WAIT	5	builtin.command	builtin	wait	present	covered	covered	man-bash-posix-03-io-signals	Seeded from tests/compat/bash_posix_man_coverage.tsv
C6.SPARAM.01	6	variables.special-parameters	variable	$*	present	covered	covered	bash-compat-param-positional-extended.sh	Row-level evidence mapping assigned from requirement->case rules. Evidence run: mapped tests all pass.
C6.SPARAM.02	6	variables.special-parameters	variable	$@	present	covered	covered	bash-compat-param-positional-extended.sh	Row-level evidence mapping assigned from requirement->case rules. Evidence run: mapped tests all pass.
C6.SPARAM.03	6	variables.special-parameters	variable	$#	present	covered	covered	bash-compat-param-positional-extended.sh	Row-level evidence mapping assigned from requirement->case rules. Evidence run: mapped tests all pass.
C6.SPARAM.04	6	variables.special-parameters	variable	$?	present	covered	covered	bash-compat-param-positional-extended.sh	Row-level evidence mapping assigned from requirement->case rules. Evidence run: mapped tests all pass.
C6.SPARAM.05	6	variables.special-parameters	variable	$-	present	covered	covered	bash-compat-param-positional-extended.sh	Row-level evidence mapping assigned from requirement->case rules. Evidence run: mapped tests all pass.
C6.SPARAM.06	6	variables.special-parameters	variable	$$	present	covered	covered	bash-compat-param-positional-extended.sh	Row-level evidence mapping assigned from requirement->case rules. Evidence run: mapped tests all pass.
C6.SPARAM.07	6	variables.special-parameters	variable	$!	present	covered	covered	bash-compat-param-positional-extended.sh	Row-level evidence mapping assigned from requirement->case rules. Evidence run: mapped tests all pass.
C6.SPARAM.08	6	variables.special-parameters	variable	$0	present	covered	covered	bash-compat-param-positional-extended.sh	Row-level evidence mapping assigned from requirement->case rules. Evidence run: mapped tests all pass.
C6.SPARAM.09	6	variables.special-parameters	variable	$1..$N	present	covered	covered	bash-compat-param-positional-extended.sh	Row-level evidence mapping assigned from requirement->case rules. Evidence run: mapped tests all pass.
C6.VAR.CORE.HOME	6	variables.posix-core	variable	HOME	present	covered	covered	bash-man-variables-surface.sh	Mapped by bash-man-variables-surface.sh; comparator evidence run passes in default and --posix lanes.
C6.VAR.CORE.PATH	6	variables.posix-core	variable	PATH	present	covered	covered	bash-man-variables-surface.sh	Mapped by bash-man-variables-surface.sh; comparator evidence run passes in default and --posix lanes.
C6.VAR.CORE.IFS	6	variables.posix-core	variable	IFS	present	covered	covered	bash-man-variables-surface.sh	Mapped by bash-man-variables-surface.sh; comparator evidence run passes in default and --posix lanes.
C6.VAR.CORE.PWD	6	variables.posix-core	variable	PWD	present	covered	covered	bash-man-variables-surface.sh	Mapped by bash-man-variables-surface.sh; comparator evidence run passes in default and --posix lanes.
C6.VAR.CORE.OLDPWD	6	variables.posix-core	variable	OLDPWD	present	covered	covered	bash-man-variables-surface.sh	Mapped by bash-man-variables-surface.sh; comparator evidence run passes in default and --posix lanes.
C6.VAR.CORE.OPTIND	6	variables.posix-core	variable	OPTIND	present	covered	covered	bash-man-variables-surface.sh	Mapped by bash-man-variables-surface.sh; comparator evidence run passes in default and --posix lanes.
C6.VAR.CORE.OPTARG	6	variables.posix-core	variable	OPTARG	present	covered	covered	bash-man-variables-surface.sh	Mapped by bash-man-variables-surface.sh; comparator evidence run passes in default and --posix lanes.
C6.VAR.CORE.PS1	6	variables.posix-core	variable	PS1	present	covered	covered	bash-man-variables-surface.sh,run_interactive_ux_matrix.sh	Surface presence plus interactive prompt render behavior evidence (PROMPTING + promptvars-on interpolation path).
C6.VAR.CORE.PS2	6	variables.posix-core	variable	PS2	present	covered	covered	bash-man-variables-surface.sh	Mapped by bash-man-variables-surface.sh; comparator evidence run passes in default and --posix lanes.
C6.VAR.CORE.MAIL	6	variables.posix-core	variable	MAIL	present	covered	covered	bash-man-variables-surface.sh	Mapped by bash-man-variables-surface.sh; comparator evidence run passes in default and --posix lanes.
C6.VAR.CORE.MAILPATH	6	variables.posix-core	variable	MAILPATH	present	covered	covered	bash-man-variables-surface.sh	Mapped by bash-man-variables-surface.sh; comparator evidence run passes in default and --posix lanes.
C6.VAR.CORE.LANG	6	variables.posix-core	variable	LANG	present	covered	covered	bash-man-variables-surface.sh	Mapped by bash-man-variables-surface.sh; comparator evidence run passes in default and --posix lanes.
C6.VAR.CORE.LC_ALL	6	variables.posix-core	variable	LC_ALL	present	covered	covered	bash-man-variables-surface.sh	Mapped by bash-man-variables-surface.sh; comparator evidence run passes in default and --posix lanes.
C6.VAR.CORE.LC_CTYPE	6	variables.posix-core	variable	LC_CTYPE	present	covered	covered	bash-man-variables-surface.sh	Mapped by bash-man-variables-surface.sh; comparator evidence run passes in default and --posix lanes.
C6.VAR.CORE.LC_MESSAGES	6	variables.posix-core	variable	LC_MESSAGES	present	covered	covered	bash-man-variables-surface.sh	Mapped by bash-man-variables-surface.sh; comparator evidence run passes in default and --posix lanes.
C6.VAR.CORE.LINENO	6	variables.posix-core	variable	LINENO	present	covered	covered	bash-man-variables-surface.sh	Mapped by bash-man-variables-surface.sh; comparator evidence run passes in default and --posix lanes.
C6.VAR.CORE.ENV	6	variables.posix-core	variable	ENV	present	covered	covered	bash-man-variables-surface.sh	Mapped by bash-man-variables-surface.sh; comparator evidence run passes in default and --posix lanes.
C6.VAR.BASH.BASH	6	variables.bash-extension	variable	BASH	extension	covered	covered	bash-man-variables-surface.sh	Mapped by bash-man-variables-surface.sh; comparator evidence run passes in default and --posix lanes.
C6.VAR.BASH.BASH_VERSION	6	variables.bash-extension	variable	BASH_VERSION	extension	covered	covered	bash-man-variables-surface.sh	Mapped by bash-man-variables-surface.sh; comparator evidence run passes in default and --posix lanes.
C6.VAR.BASH.BASH_VERSINFO	6	variables.bash-extension	variable	BASH_VERSINFO	extension	covered	covered	bash-man-variables-surface.sh	Mapped by bash-man-variables-surface.sh; comparator evidence run passes in default and --posix lanes.
C6.VAR.BASH.BASH_SOURCE	6	variables.bash-extension	variable	BASH_SOURCE	extension	covered	covered	bash-man-variables-surface.sh	Mapped by bash-man-variables-surface.sh; comparator evidence run passes in default and --posix lanes.
C6.VAR.BASH.BASH_LINENO	6	variables.bash-extension	variable	BASH_LINENO	extension	covered	covered	bash-man-variables-surface.sh	Mapped by bash-man-variables-surface.sh; comparator evidence run passes in default and --posix lanes.
C6.VAR.BASH.BASH_COMMAND	6	variables.bash-extension	variable	BASH_COMMAND	extension	covered	covered	bash-man-variables-surface.sh	Mapped by bash-man-variables-surface.sh; comparator evidence run passes in default and --posix lanes.
C6.VAR.BASH.BASH_SUBSHELL	6	variables.bash-extension	variable	BASH_SUBSHELL	extension	covered	covered	bash-man-variables-surface.sh	Mapped by bash-man-variables-surface.sh; comparator evidence run passes in default and --posix lanes.
C6.VAR.BASH.BASHPID	6	variables.bash-extension	variable	BASHPID	extension	covered	covered	bash-man-variables-surface.sh	Mapped by bash-man-variables-surface.sh; comparator evidence run passes in default and --posix lanes.
C6.VAR.BASH.BASHOPTS	6	variables.bash-extension	variable	BASHOPTS	extension	covered	covered	bash-man-variables-surface.sh	Mapped by bash-man-variables-surface.sh; comparator evidence run passes in default and --posix lanes.
C6.VAR.BASH.SHELLOPTS	6	variables.bash-extension	variable	SHELLOPTS	extension	covered	covered	bash-man-variables-surface.sh	Mapped by bash-man-variables-surface.sh; comparator evidence run passes in default and --posix lanes.
C6.VAR.BASH.BASH_COMPAT	6	variables.bash-extension	variable	BASH_COMPAT	extension	covered	covered	bash-man-variables-surface.sh	Mapped by bash-man-variables-surface.sh; comparator evidence run passes in default and --posix lanes.
C6.VAR.BASH.BASH_ENV	6	variables.bash-extension	variable	BASH_ENV	extension	covered	covered	bash-man-variables-surface.sh	Mapped by bash-man-variables-surface.sh; comparator evidence run passes in default and --posix lanes.
C6.VAR.BASH.BASH_ARGC	6	variables.bash-extension	variable	BASH_ARGC	extension	covered	covered	bash-man-variables-surface.sh	Mapped by bash-man-variables-surface.sh; comparator evidence run passes in default and --posix lanes.
C6.VAR.BASH.BASH_ARGV	6	variables.bash-extension	variable	BASH_ARGV	extension	covered	covered	bash-man-variables-surface.sh	Mapped by bash-man-variables-surface.sh; comparator evidence run passes in default and --posix lanes.
C6.VAR.BASH.BASH_ARGV0	6	variables.bash-extension	variable	BASH_ARGV0	extension	covered	covered	bash-man-variables-surface.sh	Mapped by bash-man-variables-surface.sh; comparator evidence run passes in default and --posix lanes.
C6.VAR.BASH.BASH_CMDS	6	variables.bash-extension	variable	BASH_CMDS	extension	covered	covered	bash-man-variables-surface.sh	Mapped by bash-man-variables-surface.sh; comparator evidence run passes in default and --posix lanes.
C6.VAR.BASH.BASH_REMATCH	6	variables.bash-extension	variable	BASH_REMATCH	extension	covered	covered	bash-man-variables-surface.sh	Mapped by bash-man-variables-surface.sh; comparator evidence run passes in default and --posix lanes.
C6.VAR.BASH.BASH_LOADABLES_PATH	6	variables.bash-extension	variable	BASH_LOADABLES_PATH	extension	covered	covered	bash-man-variables-surface.sh	Mapped by bash-man-variables-surface.sh; comparator evidence run passes in default and --posix lanes.
C6.VAR.BASH.BASH_XTRACEFD	6	variables.bash-extension	variable	BASH_XTRACEFD	extension	covered	covered	bash-man-variables-surface.sh,bash-man-bash_xtracefd.sh	Trace stream routing to configured FD is parity-covered by dedicated differential evidence.
C6.VAR.BASH.EPOCHREALTIME	6	variables.bash-extension	variable	EPOCHREALTIME	extension	covered	covered	bash-man-variables-surface.sh	Mapped by bash-man-variables-surface.sh; comparator evidence run passes in default and --posix lanes.
C6.VAR.BASH.EPOCHSECONDS	6	variables.bash-extension	variable	EPOCHSECONDS	extension	covered	covered	bash-man-variables-surface.sh	Mapped by bash-man-variables-surface.sh; comparator evidence run passes in default and --posix lanes.
C6.VAR.BASH.RANDOM	6	variables.bash-extension	variable	RANDOM	extension	covered	covered	bash-man-variables-surface.sh	Mapped by bash-man-variables-surface.sh; comparator evidence run passes in default and --posix lanes.
C6.VAR.BASH.SECONDS	6	variables.bash-extension	variable	SECONDS	extension	covered	covered	bash-man-variables-surface.sh	Mapped by bash-man-variables-surface.sh; comparator evidence run passes in default and --posix lanes.
C6.VAR.BASH.SRANDOM	6	variables.bash-extension	variable	SRANDOM	extension	covered	covered	bash-man-variables-surface.sh	Mapped by bash-man-variables-surface.sh; comparator evidence run passes in default and --posix lanes.
C6.VAR.BASH.EUID	6	variables.bash-extension	variable	EUID	extension	covered	covered	bash-man-variables-surface.sh	Mapped by bash-man-variables-surface.sh; comparator evidence run passes in default and --posix lanes.
C6.VAR.BASH.UID	6	variables.bash-extension	variable	UID	extension	covered	covered	bash-man-variables-surface.sh	Mapped by bash-man-variables-surface.sh; comparator evidence run passes in default and --posix lanes.
C6.VAR.BASH.PPID	6	variables.bash-extension	variable	PPID	extension	covered	covered	bash-man-variables-surface.sh	Mapped by bash-man-variables-surface.sh; comparator evidence run passes in default and --posix lanes.
C6.VAR.BASH.GROUPS	6	variables.bash-extension	variable	GROUPS	extension	covered	covered	bash-man-variables-surface.sh	Mapped by bash-man-variables-surface.sh; comparator evidence run passes in default and --posix lanes.
C6.VAR.BASH.DIRSTACK	6	variables.bash-extension	variable	DIRSTACK	extension	covered	covered	bash-man-variables-surface.sh	Mapped by bash-man-variables-surface.sh; comparator evidence run passes in default and --posix lanes.
C6.VAR.BASH.FUNCNAME	6	variables.bash-extension	variable	FUNCNAME	extension	covered	covered	bash-man-variables-surface.sh	Mapped by bash-man-variables-surface.sh; comparator evidence run passes in default and --posix lanes.
C6.VAR.BASH.COPROC	6	variables.bash-extension	variable	COPROC	extension	covered	covered	bash-man-variables-surface.sh	Mapped by bash-man-variables-surface.sh; comparator evidence run passes in default and --posix lanes.
C6.VAR.BASH.REPLY	6	variables.bash-extension	variable	REPLY	extension	covered	covered	bash-man-variables-surface.sh	Mapped by bash-man-variables-surface.sh; comparator evidence run passes in default and --posix lanes.
C6.VAR.BASH.PROMPT_COMMAND	6	variables.bash-extension	variable	PROMPT_COMMAND	extension	covered	covered	bash-man-variables-surface.sh	Mapped by bash-man-variables-surface.sh; comparator evidence run passes in default and --posix lanes.
C6.VAR.BASH.PS0	6	variables.bash-extension	variable	PS0	extension	covered	covered	bash-man-variables-surface.sh	Mapped by bash-man-variables-surface.sh; comparator evidence run passes in default and --posix lanes.
C6.VAR.BASH.PS3	6	variables.bash-extension	variable	PS3	extension	covered	covered	bash-man-variables-surface.sh	Mapped by bash-man-variables-surface.sh; comparator evidence run passes in default and --posix lanes.
C6.VAR.BASH.PS4	6	variables.bash-extension	variable	PS4	extension	covered	covered	bash-man-variables-surface.sh	Mapped by bash-man-variables-surface.sh; comparator evidence run passes in default and --posix lanes.
C6.VAR.BASH.TIMEFORMAT	6	variables.bash-extension	variable	TIMEFORMAT	extension	covered	covered	bash-man-timeformat.sh	`TIMEFORMAT` `%R/%U/%S/%P/%%` rendering and invalid-format diagnostics are now parity-covered in dedicated differential evidence.
C6.VAR.BASH.COMP_LINE	6	variables.bash-extension	variable	COMP_LINE	extension	covered	covered	bash-man-variables-surface.sh	Mapped by bash-man-variables-surface.sh; comparator evidence run passes in default and --posix lanes.
C6.VAR.BASH.COMP_POINT	6	variables.bash-extension	variable	COMP_POINT	extension	covered	covered	bash-man-variables-surface.sh	Mapped by bash-man-variables-surface.sh; comparator evidence run passes in default and --posix lanes.
C6.VAR.BASH.COMP_WORDS	6	variables.bash-extension	variable	COMP_WORDS	extension	covered	covered	bash-man-variables-surface.sh	Mapped by bash-man-variables-surface.sh; comparator evidence run passes in default and --posix lanes.
C6.VAR.BASH.COMP_CWORD	6	variables.bash-extension	variable	COMP_CWORD	extension	covered	covered	bash-man-variables-surface.sh	Mapped by bash-man-variables-surface.sh; comparator evidence run passes in default and --posix lanes.
C6.VAR.BASH.COMP_WORDBREAKS	6	variables.bash-extension	variable	COMP_WORDBREAKS	extension	covered	covered	bash-man-variables-surface.sh	Mapped by bash-man-variables-surface.sh; comparator evidence run passes in default and --posix lanes.
C6.VAR.BASH.COMP_TYPE	6	variables.bash-extension	variable	COMP_TYPE	extension	covered	covered	bash-man-variables-surface.sh	Mapped by bash-man-variables-surface.sh; comparator evidence run passes in default and --posix lanes.
C6.VAR.BASH.COMP_KEY	6	variables.bash-extension	variable	COMP_KEY	extension	covered	covered	bash-man-variables-surface.sh	Mapped by bash-man-variables-surface.sh; comparator evidence run passes in default and --posix lanes.
C6.VAR.BASH.COMPREPLY	6	variables.bash-extension	variable	COMPREPLY	extension	covered	covered	bash-man-variables-surface.sh	Mapped by bash-man-variables-surface.sh; comparator evidence run passes in default and --posix lanes.
C6.VAR.BASH.HISTFILE	6	variables.bash-extension	variable	HISTFILE	extension	covered	covered	bash-man-variables-surface.sh	Mapped by bash-man-variables-surface.sh; comparator evidence run passes in default and --posix lanes.
C6.VAR.BASH.HISTSIZE	6	variables.bash-extension	variable	HISTSIZE	extension	covered	covered	bash-man-variables-surface.sh	Mapped by bash-man-variables-surface.sh; comparator evidence run passes in default and --posix lanes.
C6.VAR.BASH.HISTFILESIZE	6	variables.bash-extension	variable	HISTFILESIZE	extension	covered	covered	bash-man-variables-surface.sh	Mapped by bash-man-variables-surface.sh; comparator evidence run passes in default and --posix lanes.
C6.VAR.BASH.HISTCONTROL	6	variables.bash-extension	variable	HISTCONTROL	extension	covered	covered	bash-man-variables-surface.sh	Mapped by bash-man-variables-surface.sh; comparator evidence run passes in default and --posix lanes.
C6.VAR.BASH.HISTIGNORE	6	variables.bash-extension	variable	HISTIGNORE	extension	covered	covered	bash-man-variables-surface.sh	Mapped by bash-man-variables-surface.sh; comparator evidence run passes in default and --posix lanes.
C6.VAR.BASH.HISTTIMEFORMAT	6	variables.bash-extension	variable	HISTTIMEFORMAT	extension	covered	covered	bash-man-variables-surface.sh,bash-man-histtimeformat.sh	History timestamp-prefix behavior under `HISTTIMEFORMAT` is parity-covered with dedicated comparator evidence.
C6.VAR.BASH.HOSTFILE	6	variables.bash-extension	variable	HOSTFILE	extension	covered	covered	bash-man-variables-surface.sh	Mapped by bash-man-variables-surface.sh; comparator evidence run passes in default and --posix lanes.
C6.VAR.BASH.FCEDIT	6	variables.bash-extension	variable	FCEDIT	extension	covered	covered	bash-man-variables-surface.sh	Mapped by bash-man-variables-surface.sh; comparator evidence run passes in default and --posix lanes.
C6.VAR.BASH.TMOUT	6	variables.bash-extension	variable	TMOUT	extension	covered	covered	bash-man-variables-surface.sh,run_interactive_tmout_matrix.sh	Interactive timeout/auto-logout semantics are parity-covered by dedicated PTY matrix evidence.
C7.INT.01	7	interactive	interactive	prompt escapes in PS1/PS2/PS4 (\u, \h, \w, \!, etc.)	n/a	covered	covered	run_interactive_ux_matrix.sh	PS1/PS2/PS4 escape lanes are covered with strict PTY assertions in the interactive UX matrix.
C7.INT.02	7	interactive	interactive	PROMPT_COMMAND execution before primary prompt	n/a	covered	covered	run_interactive_ux_matrix.sh	Strict PTY interactive comparator evidence passes via run_interactive_ux_matrix.sh and run_completion_interactive_matrix.sh.
C7.INT.03	7	interactive	interactive	readline editing modes emacs/vi	n/a	covered	covered	run_interactive_ux_matrix.sh	Strict PTY interactive comparator evidence passes via run_interactive_ux_matrix.sh and run_completion_interactive_matrix.sh.
C7.INT.04	7	interactive	interactive	bind builtin keymap/query/assignment	n/a	covered	covered	run_completion_interactive_matrix.sh,bash-builtin-completion.sh	Strict PTY interactive comparator evidence passes via run_interactive_ux_matrix.sh and run_completion_interactive_matrix.sh.
C7.INT.05	7	interactive	interactive	history list/edit/delete/write/read	n/a	covered	covered	run_interactive_ux_matrix.sh,man-bash-posix-12-history-suspend-logout.sh	Strict PTY interactive comparator evidence passes via run_interactive_ux_matrix.sh and run_completion_interactive_matrix.sh.
C7.INT.06	7	interactive	interactive	history expansion ! forms	n/a	covered	covered	run_interactive_ux_matrix.sh,man-bash-posix-12-history-suspend-logout.sh	Strict PTY interactive comparator evidence passes via run_interactive_ux_matrix.sh and run_completion_interactive_matrix.sh.
C7.INT.07	7	interactive	interactive	fc editor/list/re-exec flows	n/a	covered	covered	run_interactive_ux_matrix.sh,man-bash-posix-12-history-suspend-logout.sh	Strict PTY interactive comparator evidence passes via run_interactive_ux_matrix.sh and run_completion_interactive_matrix.sh.
C7.INT.08	7	interactive	interactive	programmable completion complete/compgen/compopt	n/a	covered	covered	run_completion_interactive_matrix.sh,bash-builtin-completion.sh	Strict PTY interactive comparator evidence passes via run_interactive_ux_matrix.sh and run_completion_interactive_matrix.sh.
C7.INT.09	7	interactive	interactive	completion variables COMP_* and COMPREPLY	n/a	covered	covered	run_completion_interactive_matrix.sh,bash-builtin-completion.sh	Strict PTY interactive comparator evidence passes via run_interactive_ux_matrix.sh and run_completion_interactive_matrix.sh.
C7.INT.10	7	interactive	interactive	interactive comments behavior (interactive_comments)	n/a	covered	covered	run_interactive_ux_matrix.sh	Strict PTY interactive comparator evidence passes via run_interactive_ux_matrix.sh and run_completion_interactive_matrix.sh.
C8.JOB.01	8	jobs-signals	behavior	job table maintenance for async commands	present	covered	covered	man-bash-posix-13-exec-errors-signals-jobs.sh	Row-level evidence mapping assigned from requirement->case rules. Evidence run: mapped tests all pass.
C8.JOB.02	8	jobs-signals	behavior	jobs builtin listing forms	present	covered	covered	man-bash-posix-10-jobs-fg-bg-interactive.sh,man-ash-jobs.sh	Row-level evidence mapping assigned from requirement->case rules. Evidence run: mapped tests all pass.
C8.JOB.03	8	jobs-signals	behavior	fg builtin jobspec resume in foreground	n/a	covered	covered	man-bash-posix-10-jobs-fg-bg-interactive.sh,man-ash-jobs.sh	Strict job-control/signal comparator evidence passes via run_jobs_interactive_matrix.sh, run_trap_noninteractive_matrix.sh, and run_trap_interactive_matrix.sh.
C8.JOB.04	8	jobs-signals	behavior	bg builtin jobspec resume in background	present	covered	covered	man-bash-posix-10-jobs-fg-bg-interactive.sh,man-ash-jobs.sh	Row-level evidence mapping assigned from requirement->case rules. Evidence run: mapped tests all pass.
C8.JOB.05	8	jobs-signals	behavior	wait builtin with pid/jobspec and status propagation	present	covered	covered	man-ash-kill-wait.sh	Row-level evidence mapping assigned from requirement->case rules. Evidence run: mapped tests all pass.
C8.JOB.06	8	jobs-signals	behavior	trap set/list/clear handlers	present	covered	covered	man-ash-trap-signal-matrix.sh,man-ash-trap-delivery.sh	Row-level evidence mapping assigned from requirement->case rules. Evidence run: mapped tests all pass.
C8.JOB.07	8	jobs-signals	behavior	signal delivery to foreground jobs	n/a	covered	covered	man-ash-trap-signal-matrix.sh,man-ash-trap-delivery.sh	Strict job-control/signal comparator evidence passes via run_jobs_interactive_matrix.sh, run_trap_noninteractive_matrix.sh, and run_trap_interactive_matrix.sh.
C8.JOB.08	8	jobs-signals	behavior	SIGINT/SIGQUIT/SIGTERM handling semantics	present	covered	covered	man-ash-trap-signal-matrix.sh,man-ash-trap-delivery.sh	Row-level evidence mapping assigned from requirement->case rules. Evidence run: mapped tests all pass.
C8.JOB.09	8	jobs-signals	behavior	EXIT trap semantics	present	covered	covered	man-ash-trap-signal-matrix.sh,man-ash-trap-delivery.sh	Row-level evidence mapping assigned from requirement->case rules. Evidence run: mapped tests all pass.
C8.JOB.10	8	jobs-signals	behavior	DEBUG/RETURN/ERR trap options and inheritance	present	covered	covered	man-ash-trap-signal-matrix.sh,man-ash-trap-delivery.sh	Row-level evidence mapping assigned from requirement->case rules. Evidence run: mapped tests all pass.
C8.JOB.11	8	jobs-signals	behavior	set -m monitor mode behavior	n/a	covered	covered	man-ash-set-monitor.sh	Strict job-control/signal comparator evidence passes via run_jobs_interactive_matrix.sh, run_trap_noninteractive_matrix.sh, and run_trap_interactive_matrix.sh.
C8.JOB.12	8	jobs-signals	behavior	notification mode set -b/notify	n/a	covered	covered	man-ash-set-monitor.sh	Strict job-control/signal comparator evidence passes via run_jobs_interactive_matrix.sh, run_trap_noninteractive_matrix.sh, and run_trap_interactive_matrix.sh.
C9.COMP.01	9	compatibility	behavior	restricted shell command/path assignment limits	changed	covered	covered	run_startup_mode_matrix.sh,man-bash-posix-08-declare-posix-policy.sh	Row-level evidence mapping assigned from requirement->case rules. Evidence run: mapped tests all pass.
C9.COMP.02	9	compatibility	behavior	rbash invocation behavior	changed	covered	covered	run_startup_mode_matrix.sh,man-bash-posix-08-declare-posix-policy.sh	Row-level evidence mapping assigned from requirement->case rules. Evidence run: mapped tests all pass.
C9.COMP.03	9	compatibility	behavior	BASH_COMPAT compatibility levels	changed	covered	covered	run_startup_mode_matrix.sh,man-bash-posix-08-declare-posix-policy.sh	Row-level evidence mapping assigned from requirement->case rules. Evidence run: mapped tests all pass.
C9.COMP.04	9	compatibility	behavior	shopt compat31..compat44 switches	changed	covered	covered	run_startup_mode_matrix.sh,man-bash-posix-08-declare-posix-policy.sh	Row-level evidence mapping assigned from requirement->case rules. Evidence run: mapped tests all pass.
C9.COMP.05	9	compatibility	behavior	invoked-as-sh behavior changes	changed	covered	covered	run_startup_mode_matrix.sh,man-bash-posix-08-declare-posix-policy.sh	Row-level evidence mapping assigned from requirement->case rules. Evidence run: mapped tests all pass.
C9.COMP.06	9	compatibility	behavior	posix mode deviations from default bash	changed	covered	covered	run_startup_mode_matrix.sh,man-bash-posix-08-declare-posix-policy.sh	Row-level evidence mapping assigned from requirement->case rules. Evidence run: mapped tests all pass.
C9.COMP.07	9	compatibility	behavior	compatibility and mode diagnostics surfaces	changed	covered	covered	run_startup_mode_matrix.sh,man-bash-posix-08-declare-posix-policy.sh	Row-level evidence mapping assigned from requirement->case rules. Evidence run: mapped tests all pass.
C10.STATE.01	10	state-model	behavior	variables assignment attributes (declare/local/typeset)	changed	covered	covered	bash-man-variables-surface.sh,man-bash-posix-14-env-exec-flow.sh,bash-builtin-declare-typeset-local.sh	Row-level evidence mapping assigned from requirement->case rules. Evidence run: mapped tests all pass.
C10.STATE.02	10	state-model	behavior	readonly/export attribute propagation	changed	covered	covered	bash-man-variables-surface.sh,man-bash-posix-14-env-exec-flow.sh,bash-builtin-declare-typeset-local.sh	Row-level evidence mapping assigned from requirement->case rules. Evidence run: mapped tests all pass.
C10.STATE.03	10	state-model	behavior	array/indexed/assoc state model	changed	covered	covered	bash-man-variables-surface.sh,man-bash-posix-14-env-exec-flow.sh,bash-builtin-declare-typeset-local.sh	Row-level evidence mapping assigned from requirement->case rules. Evidence run: mapped tests all pass.
C10.STATE.04	10	state-model	behavior	environment import/export behavior	changed	covered	covered	bash-man-variables-surface.sh,man-bash-posix-14-env-exec-flow.sh,bash-builtin-declare-typeset-local.sh	Row-level evidence mapping assigned from requirement->case rules. Evidence run: mapped tests all pass.
C10.STATE.05	10	state-model	behavior	startup-time variable influences (POSIXLY_CORRECT, BASH_ENV, ENV)	changed	covered	covered	bash-man-variables-surface.sh,man-bash-posix-14-env-exec-flow.sh,bash-builtin-declare-typeset-local.sh	Row-level evidence mapping assigned from requirement->case rules. Evidence run: mapped tests all pass.
C10.STATE.06	10	state-model	behavior	special variable side effects (RANDOM, LINENO, SECONDS, REPLY)	changed	covered	covered	bash-man-variables-surface.sh,man-bash-posix-14-env-exec-flow.sh,bash-builtin-declare-typeset-local.sh	Row-level evidence mapping assigned from requirement->case rules. Evidence run: mapped tests all pass.
C11.SHOPT.ASSOC_EXPAND_ONCE	11	shopt-option-surface	option	assoc_expand_once	extension	covered	covered	bash-man-shopt-surface.sh	Row-level evidence mapping assigned from requirement->case rules. Evidence run: mapped tests all pass.
C11.SHOPT.AUTOCD	11	shopt-option-surface	option	autocd	extension	covered	covered	bash-man-shopt-surface.sh	Row-level evidence mapping assigned from requirement->case rules. Evidence run: mapped tests all pass.
C11.SHOPT.CDABLE_VARS	11	shopt-option-surface	option	cdable_vars	extension	covered	covered	bash-man-shopt-surface.sh	Row-level evidence mapping assigned from requirement->case rules. Evidence run: mapped tests all pass.
C11.SHOPT.CDSPELL	11	shopt-option-surface	option	cdspell	extension	covered	covered	bash-man-shopt-surface.sh	Row-level evidence mapping assigned from requirement->case rules. Evidence run: mapped tests all pass.
C11.SHOPT.CHECKHASH	11	shopt-option-surface	option	checkhash	extension	covered	covered	bash-man-shopt-surface.sh	Row-level evidence mapping assigned from requirement->case rules. Evidence run: mapped tests all pass.
C11.SHOPT.CHECKJOBS	11	shopt-option-surface	option	checkjobs	extension	covered	covered	bash-man-shopt-surface.sh	Row-level evidence mapping assigned from requirement->case rules. Evidence run: mapped tests all pass.
C11.SHOPT.CHECKWINSIZE	11	shopt-option-surface	option	checkwinsize	extension	covered	covered	bash-man-shopt-surface.sh	Row-level evidence mapping assigned from requirement->case rules. Evidence run: mapped tests all pass.
C11.SHOPT.CMDHIST	11	shopt-option-surface	option	cmdhist	extension	covered	covered	bash-man-shopt-surface.sh	Row-level evidence mapping assigned from requirement->case rules. Evidence run: mapped tests all pass.
C11.SHOPT.COMPAT31	11	shopt-option-surface	option	compat31	extension	covered	covered	bash-man-shopt-surface.sh	Row-level evidence mapping assigned from requirement->case rules. Evidence run: mapped tests all pass.
C11.SHOPT.COMPAT32	11	shopt-option-surface	option	compat32	extension	covered	covered	bash-man-shopt-surface.sh	Row-level evidence mapping assigned from requirement->case rules. Evidence run: mapped tests all pass.
C11.SHOPT.COMPAT40	11	shopt-option-surface	option	compat40	extension	covered	covered	bash-man-shopt-surface.sh	Row-level evidence mapping assigned from requirement->case rules. Evidence run: mapped tests all pass.
C11.SHOPT.COMPAT41	11	shopt-option-surface	option	compat41	extension	covered	covered	bash-man-shopt-surface.sh	Row-level evidence mapping assigned from requirement->case rules. Evidence run: mapped tests all pass.
C11.SHOPT.COMPAT42	11	shopt-option-surface	option	compat42	extension	covered	covered	bash-man-shopt-surface.sh	Row-level evidence mapping assigned from requirement->case rules. Evidence run: mapped tests all pass.
C11.SHOPT.COMPAT43	11	shopt-option-surface	option	compat43	extension	covered	covered	bash-man-shopt-surface.sh	Row-level evidence mapping assigned from requirement->case rules. Evidence run: mapped tests all pass.
C11.SHOPT.COMPAT44	11	shopt-option-surface	option	compat44	extension	covered	covered	bash-man-shopt-surface.sh	Row-level evidence mapping assigned from requirement->case rules. Evidence run: mapped tests all pass.
C11.SHOPT.COMPLETE_FULLQUOTE	11	shopt-option-surface	option	complete_fullquote	extension	covered	covered	bash-man-shopt-surface.sh	Row-level evidence mapping assigned from requirement->case rules. Evidence run: mapped tests all pass.
C11.SHOPT.DIREXPAND	11	shopt-option-surface	option	direxpand	extension	covered	covered	bash-man-shopt-surface.sh	Row-level evidence mapping assigned from requirement->case rules. Evidence run: mapped tests all pass.
C11.SHOPT.DIRSPELL	11	shopt-option-surface	option	dirspell	extension	covered	covered	bash-man-shopt-surface.sh	Row-level evidence mapping assigned from requirement->case rules. Evidence run: mapped tests all pass.
C11.SHOPT.DOTGLOB	11	shopt-option-surface	option	dotglob	extension	covered	covered	bash-man-shopt-surface.sh	Row-level evidence mapping assigned from requirement->case rules. Evidence run: mapped tests all pass.
C11.SHOPT.EXECFAIL	11	shopt-option-surface	option	execfail	extension	covered	covered	bash-man-shopt-surface.sh	Row-level evidence mapping assigned from requirement->case rules. Evidence run: mapped tests all pass.
C11.SHOPT.EXPAND_ALIASES	11	shopt-option-surface	option	expand_aliases	extension	covered	covered	bash-man-shopt-surface.sh	Row-level evidence mapping assigned from requirement->case rules. Evidence run: mapped tests all pass.
C11.SHOPT.EXTDEBUG	11	shopt-option-surface	option	extdebug	extension	covered	covered	bash-man-shopt-surface.sh	Row-level evidence mapping assigned from requirement->case rules. Evidence run: mapped tests all pass.
C11.SHOPT.EXTGLOB	11	shopt-option-surface	option	extglob	extension	covered	covered	bash-man-shopt-surface.sh	Row-level evidence mapping assigned from requirement->case rules. Evidence run: mapped tests all pass.
C11.SHOPT.EXTQUOTE	11	shopt-option-surface	option	extquote	extension	covered	covered	bash-man-shopt-surface.sh	Row-level evidence mapping assigned from requirement->case rules. Evidence run: mapped tests all pass.
C11.SHOPT.FAILGLOB	11	shopt-option-surface	option	failglob	extension	covered	covered	bash-man-shopt-surface.sh	Row-level evidence mapping assigned from requirement->case rules. Evidence run: mapped tests all pass.
C11.SHOPT.FORCE_FIGNORE	11	shopt-option-surface	option	force_fignore	extension	covered	covered	bash-man-shopt-surface.sh	Row-level evidence mapping assigned from requirement->case rules. Evidence run: mapped tests all pass.
C11.SHOPT.GLOBASCIIRANGES	11	shopt-option-surface	option	globasciiranges	extension	covered	covered	bash-man-shopt-surface.sh	Row-level evidence mapping assigned from requirement->case rules. Evidence run: mapped tests all pass.
C11.SHOPT.GLOBSTAR	11	shopt-option-surface	option	globstar	extension	covered	covered	bash-man-shopt-surface.sh	Row-level evidence mapping assigned from requirement->case rules. Evidence run: mapped tests all pass.
C11.SHOPT.GNU_ERRFMT	11	shopt-option-surface	option	gnu_errfmt	extension	covered	covered	bash-man-shopt-surface.sh	Row-level evidence mapping assigned from requirement->case rules. Evidence run: mapped tests all pass.
C11.SHOPT.HISTAPPEND	11	shopt-option-surface	option	histappend	extension	covered	covered	bash-man-shopt-surface.sh	Row-level evidence mapping assigned from requirement->case rules. Evidence run: mapped tests all pass.
C11.SHOPT.HISTREEDIT	11	shopt-option-surface	option	histreedit	extension	covered	covered	bash-man-shopt-surface.sh	Row-level evidence mapping assigned from requirement->case rules. Evidence run: mapped tests all pass.
C11.SHOPT.HISTVERIFY	11	shopt-option-surface	option	histverify	extension	covered	covered	bash-man-shopt-surface.sh	Row-level evidence mapping assigned from requirement->case rules. Evidence run: mapped tests all pass.
C11.SHOPT.HOSTCOMPLETE	11	shopt-option-surface	option	hostcomplete	extension	covered	covered	bash-man-shopt-surface.sh	Row-level evidence mapping assigned from requirement->case rules. Evidence run: mapped tests all pass.
C11.SHOPT.HUPONEXIT	11	shopt-option-surface	option	huponexit	extension	covered	covered	bash-man-shopt-surface.sh	Row-level evidence mapping assigned from requirement->case rules. Evidence run: mapped tests all pass.
C11.SHOPT.INHERIT_ERREXIT	11	shopt-option-surface	option	inherit_errexit	extension	covered	covered	bash-man-shopt-surface.sh	Row-level evidence mapping assigned from requirement->case rules. Evidence run: mapped tests all pass.
C11.SHOPT.INTERACTIVE_COMMENTS	11	shopt-option-surface	option	interactive_comments	extension	covered	covered	bash-man-shopt-surface.sh	Row-level evidence mapping assigned from requirement->case rules. Evidence run: mapped tests all pass.
C11.SHOPT.LASTPIPE	11	shopt-option-surface	option	lastpipe	extension	covered	covered	bash-man-shopt-surface.sh	Row-level evidence mapping assigned from requirement->case rules. Evidence run: mapped tests all pass.
C11.SHOPT.LITHIST	11	shopt-option-surface	option	lithist	extension	covered	covered	bash-man-shopt-surface.sh	Row-level evidence mapping assigned from requirement->case rules. Evidence run: mapped tests all pass.
C11.SHOPT.LOCALVAR_INHERIT	11	shopt-option-surface	option	localvar_inherit	extension	covered	covered	bash-man-shopt-surface.sh	Row-level evidence mapping assigned from requirement->case rules. Evidence run: mapped tests all pass.
C11.SHOPT.LOCALVAR_UNSET	11	shopt-option-surface	option	localvar_unset	extension	covered	covered	bash-man-shopt-surface.sh	Row-level evidence mapping assigned from requirement->case rules. Evidence run: mapped tests all pass.
C11.SHOPT.LOGIN_SHELL	11	shopt-option-surface	option	login_shell	extension	covered	covered	bash-man-shopt-surface.sh	Row-level evidence mapping assigned from requirement->case rules. Evidence run: mapped tests all pass.
C11.SHOPT.MAILWARN	11	shopt-option-surface	option	mailwarn	extension	covered	covered	bash-man-shopt-surface.sh	Row-level evidence mapping assigned from requirement->case rules. Evidence run: mapped tests all pass.
C11.SHOPT.NO_EMPTY_CMD_COMPLETION	11	shopt-option-surface	option	no_empty_cmd_completion	extension	covered	covered	bash-man-shopt-surface.sh	Row-level evidence mapping assigned from requirement->case rules. Evidence run: mapped tests all pass.
C11.SHOPT.NOCASEGLOB	11	shopt-option-surface	option	nocaseglob	extension	covered	covered	bash-man-shopt-surface.sh	Row-level evidence mapping assigned from requirement->case rules. Evidence run: mapped tests all pass.
C11.SHOPT.NOCASEMATCH	11	shopt-option-surface	option	nocasematch	extension	covered	covered	bash-man-shopt-surface.sh	Row-level evidence mapping assigned from requirement->case rules. Evidence run: mapped tests all pass.
C11.SHOPT.NULLGLOB	11	shopt-option-surface	option	nullglob	extension	covered	covered	bash-man-shopt-surface.sh	Row-level evidence mapping assigned from requirement->case rules. Evidence run: mapped tests all pass.
C11.SHOPT.PROGCOMP	11	shopt-option-surface	option	progcomp	extension	covered	covered	bash-man-shopt-surface.sh	Row-level evidence mapping assigned from requirement->case rules. Evidence run: mapped tests all pass.
C11.SHOPT.PROGCOMP_ALIAS	11	shopt-option-surface	option	progcomp_alias	extension	covered	covered	bash-man-shopt-surface.sh	Row-level evidence mapping assigned from requirement->case rules. Evidence run: mapped tests all pass.
C11.SHOPT.PROMPTVARS	11	shopt-option-surface	option	promptvars	extension	covered	covered	bash-man-shopt-surface.sh	Row-level evidence mapping assigned from requirement->case rules. Evidence run: mapped tests all pass.
C11.SHOPT.RESTRICTED_SHELL	11	shopt-option-surface	option	restricted_shell	extension	covered	covered	bash-man-shopt-surface.sh	Row-level evidence mapping assigned from requirement->case rules. Evidence run: mapped tests all pass.
C11.SHOPT.SHIFT_VERBOSE	11	shopt-option-surface	option	shift_verbose	extension	covered	covered	bash-man-shopt-surface.sh	Row-level evidence mapping assigned from requirement->case rules. Evidence run: mapped tests all pass.
C11.SHOPT.SOURCEPATH	11	shopt-option-surface	option	sourcepath	extension	covered	covered	bash-man-shopt-surface.sh	Row-level evidence mapping assigned from requirement->case rules. Evidence run: mapped tests all pass.
C11.SHOPT.XPG_ECHO	11	shopt-option-surface	option	xpg_echo	extension	covered	covered	bash-man-shopt-surface.sh	Row-level evidence mapping assigned from requirement->case rules. Evidence run: mapped tests all pass.
C11.MODE.01	11	mode-framework	behavior	set -o option reporting format	changed	covered	covered	bash-man-seto-surface.sh,run_startup_mode_matrix.sh	Row-level evidence mapping assigned from requirement->case rules. Evidence run: mapped tests all pass.
C11.MODE.02	11	mode-framework	behavior	shopt -p reporting format	changed	covered	covered	bash-man-seto-surface.sh,run_startup_mode_matrix.sh	Row-level evidence mapping assigned from requirement->case rules. Evidence run: mapped tests all pass.
C11.MODE.03	11	mode-framework	behavior	diagnostic style selection (bash/ash modes)	changed	covered	covered	bash-man-seto-surface.sh,run_startup_mode_matrix.sh	Row-level evidence mapping assigned from requirement->case rules. Evidence run: mapped tests all pass.
C11.MODE.04	11	mode-framework	behavior	mode selection by argv0 (sh/ash/dash vs bash/mctash)	changed	covered	covered	bash-man-seto-surface.sh,run_startup_mode_matrix.sh	Row-level evidence mapping assigned from requirement->case rules. Evidence run: mapped tests all pass.
C11.MODE.05	11	mode-framework	behavior	restricted-mode enforcement matrix	changed	covered	covered	bash-man-seto-surface.sh,run_startup_mode_matrix.sh	Row-level evidence mapping assigned from requirement->case rules. Evidence run: mapped tests all pass.
C12.MATRIX.01	12	requirements-matrix	meta	matrix column: bash default comparator	present	covered	covered	run_bash_posix_man_matrix.sh,run_bash_category_bucket_matrix.sh	Governance/meta requirement validated by matrix harness scripts and report generation.
C12.MATRIX.02	12	requirements-matrix	meta	matrix column: bash --posix comparator	present	covered	covered	run_bash_posix_man_matrix.sh,run_bash_category_bucket_matrix.sh	Governance/meta requirement validated by matrix harness scripts and report generation.
C12.MATRIX.03	12	requirements-matrix	meta	matrix column: mctash default mode	present	covered	covered	run_bash_posix_man_matrix.sh,run_bash_category_bucket_matrix.sh	Governance/meta requirement validated by matrix harness scripts and report generation.
C12.MATRIX.04	12	requirements-matrix	meta	matrix column: mctash --posix mode	present	covered	covered	run_bash_posix_man_matrix.sh,run_bash_category_bucket_matrix.sh	Governance/meta requirement validated by matrix harness scripts and report generation.
C12.MATRIX.05	12	requirements-matrix	meta	matrix row must map to at least one executable case id	present	covered	covered	run_bash_posix_man_matrix.sh,run_bash_category_bucket_matrix.sh	Governance/meta requirement validated by matrix harness scripts and report generation.
C12.MATRIX.06	12	requirements-matrix	meta	matrix row must record POSIX classification	present	covered	covered	run_bash_posix_man_matrix.sh,run_bash_category_bucket_matrix.sh	Governance/meta requirement validated by matrix harness scripts and report generation.
C12.MATRIX.07	12	requirements-matrix	meta	matrix row must avoid grouped shorthand and etc	present	covered	covered	run_bash_posix_man_matrix.sh,run_bash_category_bucket_matrix.sh	Governance/meta requirement validated by matrix harness scripts and report generation.
C7.INT.11	7	interactive	interactive	PS1 parameter/command/arithmetic expansion at prompt render time (promptvars)	n/a	covered	covered	run_interactive_ux_matrix.sh	Interactive UX matrix now validates prompt-time interpolation for `${debian_chroot:+...}` with prompt escape decoding.
C8.JOB.13	8	jobs-signals	behavior	interactive Ctrl-C during foreground external command returns prompt and keeps shell alive	present	partial	partial	run_interactive_sigint_matrix.sh	New PTY SIGINT matrix exists and currently exposes a parity gap in mctash foreground command interruptibility.
