req_id	category	subcategory	feature_type	feature	posix_mode_status	bash_man_section	notes
C1.OPT.SHORT.c	1	invocation.short-option	option	-c	present	OPTIONS	Invocation option documented in bash(1) OPTIONS.
C1.OPT.SHORT.i	1	invocation.short-option	option	-i	present	OPTIONS	Invocation option documented in bash(1) OPTIONS.
C1.OPT.SHORT.l	1	invocation.short-option	option	-l	present	OPTIONS	Invocation option documented in bash(1) OPTIONS.
C1.OPT.SHORT.r	1	invocation.short-option	option	-r	present	OPTIONS	Invocation option documented in bash(1) OPTIONS.
C1.OPT.SHORT.s	1	invocation.short-option	option	-s	present	OPTIONS	Invocation option documented in bash(1) OPTIONS.
C1.OPT.SHORT.v	1	invocation.short-option	option	-v	present	OPTIONS	Invocation option documented in bash(1) OPTIONS.
C1.OPT.SHORT.x	1	invocation.short-option	option	-x	present	OPTIONS	Invocation option documented in bash(1) OPTIONS.
C1.OPT.SHORT.D	1	invocation.short-option	option	-D	present	OPTIONS	Invocation option documented in bash(1) OPTIONS.
C1.OPT.SHORT.O	1	invocation.short-option	option	-O [shopt_option]	present	OPTIONS	Enable shopt option at invocation; list when argument omitted.
C1.OPT.SHORT.PLUSO	1	invocation.short-option	option	+O [shopt_option]	present	OPTIONS	Disable shopt option at invocation; reusable output format when omitted.
C1.OPT.SHORT.DASHDASH	1	invocation.short-option	option	--	present	OPTIONS	End of options marker.
C1.OPT.SHORT.SINGLEDASH	1	invocation.short-option	option	- (as argument)	present	OPTIONS	Equivalent to -- for option termination.
C1.OPT.LONG.DEBUGGER	1	invocation.long-option	option	--debugger	present	OPTIONS	Long invocation option documented in bash(1) OPTIONS.
C1.OPT.LONG.DUMP_PO_STRINGS	1	invocation.long-option	option	--dump-po-strings	present	OPTIONS	Long invocation option documented in bash(1) OPTIONS.
C1.OPT.LONG.DUMP_STRINGS	1	invocation.long-option	option	--dump-strings	present	OPTIONS	Long invocation option documented in bash(1) OPTIONS.
C1.OPT.LONG.HELP	1	invocation.long-option	option	--help	present	OPTIONS	Long invocation option documented in bash(1) OPTIONS.
C1.OPT.LONG.INIT_FILE_FILE	1	invocation.long-option	option	--init-file FILE	present	OPTIONS	Long invocation option documented in bash(1) OPTIONS.
C1.OPT.LONG.RCFILE_FILE	1	invocation.long-option	option	--rcfile FILE	present	OPTIONS	Long invocation option documented in bash(1) OPTIONS.
C1.OPT.LONG.LOGIN	1	invocation.long-option	option	--login	present	OPTIONS	Long invocation option documented in bash(1) OPTIONS.
C1.OPT.LONG.NOEDITING	1	invocation.long-option	option	--noediting	present	OPTIONS	Long invocation option documented in bash(1) OPTIONS.
C1.OPT.LONG.NOPROFILE	1	invocation.long-option	option	--noprofile	present	OPTIONS	Long invocation option documented in bash(1) OPTIONS.
C1.OPT.LONG.NORC	1	invocation.long-option	option	--norc	present	OPTIONS	Long invocation option documented in bash(1) OPTIONS.
C1.OPT.LONG.POSIX	1	invocation.long-option	option	--posix	present	OPTIONS	Long invocation option documented in bash(1) OPTIONS.
C1.OPT.LONG.RESTRICTED	1	invocation.long-option	option	--restricted	present	OPTIONS	Long invocation option documented in bash(1) OPTIONS.
C1.OPT.LONG.VERBOSE	1	invocation.long-option	option	--verbose	present	OPTIONS	Long invocation option documented in bash(1) OPTIONS.
C1.OPT.LONG.VERSION	1	invocation.long-option	option	--version	present	OPTIONS	Long invocation option documented in bash(1) OPTIONS.
C1.OPT.SET.a	1	invocation.set-short-option	option	-a	present	OPTIONS + set builtin	Single-character set option accepted at invocation.
C1.OPT.SET.b	1	invocation.set-short-option	option	-b	present	OPTIONS + set builtin	Single-character set option accepted at invocation.
C1.OPT.SET.e	1	invocation.set-short-option	option	-e	present	OPTIONS + set builtin	Single-character set option accepted at invocation.
C1.OPT.SET.f	1	invocation.set-short-option	option	-f	present	OPTIONS + set builtin	Single-character set option accepted at invocation.
C1.OPT.SET.h	1	invocation.set-short-option	option	-h	present	OPTIONS + set builtin	Single-character set option accepted at invocation.
C1.OPT.SET.k	1	invocation.set-short-option	option	-k	present	OPTIONS + set builtin	Single-character set option accepted at invocation.
C1.OPT.SET.m	1	invocation.set-short-option	option	-m	present	OPTIONS + set builtin	Single-character set option accepted at invocation.
C1.OPT.SET.n	1	invocation.set-short-option	option	-n	present	OPTIONS + set builtin	Single-character set option accepted at invocation.
C1.OPT.SET.p	1	invocation.set-short-option	option	-p	present	OPTIONS + set builtin	Single-character set option accepted at invocation.
C1.OPT.SET.t	1	invocation.set-short-option	option	-t	present	OPTIONS + set builtin	Single-character set option accepted at invocation.
C1.OPT.SET.u	1	invocation.set-short-option	option	-u	present	OPTIONS + set builtin	Single-character set option accepted at invocation.
C1.OPT.SET.v	1	invocation.set-short-option	option	-v	present	OPTIONS + set builtin	Single-character set option accepted at invocation.
C1.OPT.SET.x	1	invocation.set-short-option	option	-x	present	OPTIONS + set builtin	Single-character set option accepted at invocation.
C1.OPT.SET.B	1	invocation.set-short-option	option	-B	present	OPTIONS + set builtin	Single-character set option accepted at invocation.
C1.OPT.SET.C	1	invocation.set-short-option	option	-C	present	OPTIONS + set builtin	Single-character set option accepted at invocation.
C1.OPT.SET.E	1	invocation.set-short-option	option	-E	present	OPTIONS + set builtin	Single-character set option accepted at invocation.
C1.OPT.SET.H	1	invocation.set-short-option	option	-H	present	OPTIONS + set builtin	Single-character set option accepted at invocation.
C1.OPT.SET.P	1	invocation.set-short-option	option	-P	present	OPTIONS + set builtin	Single-character set option accepted at invocation.
C1.OPT.SET.T	1	invocation.set-short-option	option	-T	present	OPTIONS + set builtin	Single-character set option accepted at invocation.
C1.OPT.SETO.ALLEXPORT	1	invocation.set-o-option	option	allexport	present	set builtin	set -o option-name / set +o option-name.
C1.OPT.SETO.BRACEEXPAND	1	invocation.set-o-option	option	braceexpand	present	set builtin	set -o option-name / set +o option-name.
C1.OPT.SETO.EMACS	1	invocation.set-o-option	option	emacs	present	set builtin	set -o option-name / set +o option-name.
C1.OPT.SETO.ERREXIT	1	invocation.set-o-option	option	errexit	present	set builtin	set -o option-name / set +o option-name.
C1.OPT.SETO.ERRTRACE	1	invocation.set-o-option	option	errtrace	present	set builtin	set -o option-name / set +o option-name.
C1.OPT.SETO.FUNCTRACE	1	invocation.set-o-option	option	functrace	present	set builtin	set -o option-name / set +o option-name.
C1.OPT.SETO.HASHALL	1	invocation.set-o-option	option	hashall	present	set builtin	set -o option-name / set +o option-name.
C1.OPT.SETO.HISTEXPAND	1	invocation.set-o-option	option	histexpand	present	set builtin	set -o option-name / set +o option-name.
C1.OPT.SETO.HISTORY	1	invocation.set-o-option	option	history	present	set builtin	set -o option-name / set +o option-name.
C1.OPT.SETO.IGNOREEOF	1	invocation.set-o-option	option	ignoreeof	present	set builtin	set -o option-name / set +o option-name.
C1.OPT.SETO.INTERACTIVE_COMMENTS	1	invocation.set-o-option	option	interactive-comments	present	set builtin	set -o option-name / set +o option-name.
C1.OPT.SETO.KEYWORD	1	invocation.set-o-option	option	keyword	present	set builtin	set -o option-name / set +o option-name.
C1.OPT.SETO.MONITOR	1	invocation.set-o-option	option	monitor	present	set builtin	set -o option-name / set +o option-name.
C1.OPT.SETO.NOCLOBBER	1	invocation.set-o-option	option	noclobber	present	set builtin	set -o option-name / set +o option-name.
C1.OPT.SETO.NOEXEC	1	invocation.set-o-option	option	noexec	present	set builtin	set -o option-name / set +o option-name.
C1.OPT.SETO.NOGLOB	1	invocation.set-o-option	option	noglob	present	set builtin	set -o option-name / set +o option-name.
C1.OPT.SETO.NOLOG	1	invocation.set-o-option	option	nolog	present	set builtin	set -o option-name / set +o option-name.
C1.OPT.SETO.NOTIFY	1	invocation.set-o-option	option	notify	present	set builtin	set -o option-name / set +o option-name.
C1.OPT.SETO.NOUNSET	1	invocation.set-o-option	option	nounset	present	set builtin	set -o option-name / set +o option-name.
C1.OPT.SETO.ONECMD	1	invocation.set-o-option	option	onecmd	present	set builtin	set -o option-name / set +o option-name.
C1.OPT.SETO.PHYSICAL	1	invocation.set-o-option	option	physical	present	set builtin	set -o option-name / set +o option-name.
C1.OPT.SETO.PIPEFAIL	1	invocation.set-o-option	option	pipefail	present	set builtin	set -o option-name / set +o option-name.
C1.OPT.SETO.POSIX	1	invocation.set-o-option	option	posix	changed	set builtin	set -o option-name / set +o option-name.
C1.OPT.SETO.PRIVILEGED	1	invocation.set-o-option	option	privileged	present	set builtin	set -o option-name / set +o option-name.
C1.OPT.SETO.VERBOSE	1	invocation.set-o-option	option	verbose	present	set builtin	set -o option-name / set +o option-name.
C1.OPT.SETO.VI	1	invocation.set-o-option	option	vi	present	set builtin	set -o option-name / set +o option-name.
C1.OPT.SETO.XTRACE	1	invocation.set-o-option	option	xtrace	present	set builtin	set -o option-name / set +o option-name.
C1.STARTUP.01	1	invocation.startup-files	behavior	login-shell startup sequence	changed	INVOCATION	When invoked as login shell, process /etc/profile then first existing of ~/.bash_profile, ~/.bash_login, ~/.profile.
C1.STARTUP.02	1	invocation.startup-files	behavior	interactive non-login startup	changed	INVOCATION	When interactive non-login, process ~/.bashrc (and system bashrc where configured).
C1.STARTUP.03	1	invocation.startup-files	behavior	non-interactive startup	changed	INVOCATION	When non-interactive, expand and source $BASH_ENV if set.
C1.STARTUP.04	1	invocation.startup-files	behavior	invoked-as-sh startup	changed	INVOCATION	When invoked as sh, follow sh-compatible startup behavior and enter posix mode after startup.
C1.STARTUP.05	1	invocation.startup-files	behavior	posix mode entry points	changed	INVOCATION	Enable POSIX mode via --posix, set -o posix, POSIXLY_CORRECT, or invoked-as-sh behavior.
C1.STARTUP.06	1	invocation.startup-files	behavior	restricted mode entry points	changed	INVOCATION	Enable restricted mode via -r/--restricted or rbash invocation form.
C2.GRAM.001	2	grammar.core	grammar	simple command	changed	SHELL GRAMMAR	Grammar production documented in SHELL GRAMMAR / related sections.
C2.GRAM.002	2	grammar.core	grammar	pipeline	changed	SHELL GRAMMAR	Grammar production documented in SHELL GRAMMAR / related sections.
C2.GRAM.003	2	grammar.core	grammar	list with ;	changed	SHELL GRAMMAR	Grammar production documented in SHELL GRAMMAR / related sections.
C2.GRAM.004	2	grammar.core	grammar	list with &	changed	SHELL GRAMMAR	Grammar production documented in SHELL GRAMMAR / related sections.
C2.GRAM.005	2	grammar.core	grammar	AND list (&&)	changed	SHELL GRAMMAR	Grammar production documented in SHELL GRAMMAR / related sections.
C2.GRAM.006	2	grammar.core	grammar	OR list (||)	changed	SHELL GRAMMAR	Grammar production documented in SHELL GRAMMAR / related sections.
C2.GRAM.007	2	grammar.core	grammar	negated pipeline (! pipeline)	changed	SHELL GRAMMAR	Grammar production documented in SHELL GRAMMAR / related sections.
C2.GRAM.008	2	grammar.core	grammar	compound command: ( list ) subshell	changed	SHELL GRAMMAR	Grammar production documented in SHELL GRAMMAR / related sections.
C2.GRAM.009	2	grammar.core	grammar	compound command: { list; } grouping	changed	SHELL GRAMMAR	Grammar production documented in SHELL GRAMMAR / related sections.
C2.GRAM.010	2	grammar.core	grammar	if ... then ... fi	changed	SHELL GRAMMAR	Grammar production documented in SHELL GRAMMAR / related sections.
C2.GRAM.011	2	grammar.core	grammar	if ... then ... else ... fi	changed	SHELL GRAMMAR	Grammar production documented in SHELL GRAMMAR / related sections.
C2.GRAM.012	2	grammar.core	grammar	if ... then ... elif ... fi	changed	SHELL GRAMMAR	Grammar production documented in SHELL GRAMMAR / related sections.
C2.GRAM.013	2	grammar.core	grammar	while ... do ... done	changed	SHELL GRAMMAR	Grammar production documented in SHELL GRAMMAR / related sections.
C2.GRAM.014	2	grammar.core	grammar	until ... do ... done	changed	SHELL GRAMMAR	Grammar production documented in SHELL GRAMMAR / related sections.
C2.GRAM.015	2	grammar.core	grammar	for name in words; do ... done	changed	SHELL GRAMMAR	Grammar production documented in SHELL GRAMMAR / related sections.
C2.GRAM.016	2	grammar.core	grammar	for name; do ... done	changed	SHELL GRAMMAR	Grammar production documented in SHELL GRAMMAR / related sections.
C2.GRAM.017	2	grammar.core	grammar	arithmetic for (( expr1 ; expr2 ; expr3 ))	changed	SHELL GRAMMAR	Grammar production documented in SHELL GRAMMAR / related sections.
C2.GRAM.018	2	grammar.core	grammar	case WORD in ... esac	changed	SHELL GRAMMAR	Grammar production documented in SHELL GRAMMAR / related sections.
C2.GRAM.019	2	grammar.core	grammar	select NAME in ...; do ... done	changed	SHELL GRAMMAR	Grammar production documented in SHELL GRAMMAR / related sections.
C2.GRAM.020	2	grammar.core	grammar	function definition name() compound	changed	SHELL GRAMMAR	Grammar production documented in SHELL GRAMMAR / related sections.
C2.GRAM.021	2	grammar.core	grammar	function keyword form function name [()] compound	changed	SHELL GRAMMAR	Grammar production documented in SHELL GRAMMAR / related sections.
C2.GRAM.022	2	grammar.core	grammar	[[ conditional command ]]	changed	SHELL GRAMMAR	Grammar production documented in SHELL GRAMMAR / related sections.
C2.GRAM.023	2	grammar.core	grammar	(( arithmetic command ))	changed	SHELL GRAMMAR	Grammar production documented in SHELL GRAMMAR / related sections.
C2.GRAM.024	2	grammar.core	grammar	coproc command	changed	SHELL GRAMMAR	Grammar production documented in SHELL GRAMMAR / related sections.
C2.GRAM.025	2	grammar.core	grammar	time reserved word and -p form	changed	SHELL GRAMMAR	Grammar production documented in SHELL GRAMMAR / related sections.
C2.GRAM.026	2	grammar.core	grammar	newline as command separator	changed	SHELL GRAMMAR	Grammar production documented in SHELL GRAMMAR / related sections.
C2.GRAM.027	2	grammar.core	grammar	comments in interactive/non-interactive modes	changed	SHELL GRAMMAR	Grammar production documented in SHELL GRAMMAR / related sections.
C2.GRAM.028	2	grammar.core	grammar	here-doc grammar attachment and queueing	changed	SHELL GRAMMAR	Grammar production documented in SHELL GRAMMAR / related sections.
C3.EXP.001	3	expansion	expansion	brace expansion {a,b}	extension	QUOTING + PARAMETERS + EXPANSION	Expansion feature or operator family.
C3.EXP.002	3	expansion	expansion	tilde expansion ~ and ~user	present	QUOTING + PARAMETERS + EXPANSION	Expansion feature or operator family.
C3.EXP.003	3	expansion	expansion	parameter expansion $name ${name}	present	QUOTING + PARAMETERS + EXPANSION	Expansion feature or operator family.
C3.EXP.004	3	expansion	expansion	special parameters $* $@ $# $? $- $$ $! $0	present	QUOTING + PARAMETERS + EXPANSION	Expansion feature or operator family.
C3.EXP.005	3	expansion	expansion	positional parameters $1..${N}	present	QUOTING + PARAMETERS + EXPANSION	Expansion feature or operator family.
C3.EXP.006	3	expansion	expansion	parameter default operators ${v-word} ${v:-word}	present	QUOTING + PARAMETERS + EXPANSION	Expansion feature or operator family.
C3.EXP.007	3	expansion	expansion	parameter assign operators ${v=word} ${v:=word}	present	QUOTING + PARAMETERS + EXPANSION	Expansion feature or operator family.
C3.EXP.008	3	expansion	expansion	parameter error operators ${v?word} ${v:?word}	present	QUOTING + PARAMETERS + EXPANSION	Expansion feature or operator family.
C3.EXP.009	3	expansion	expansion	parameter alternate operators ${v+word} ${v:+word}	present	QUOTING + PARAMETERS + EXPANSION	Expansion feature or operator family.
C3.EXP.010	3	expansion	expansion	substring expansion ${v:offset} ${v:offset:length}	present	QUOTING + PARAMETERS + EXPANSION	Expansion feature or operator family.
C3.EXP.011	3	expansion	expansion	length expansion ${#v}	present	QUOTING + PARAMETERS + EXPANSION	Expansion feature or operator family.
C3.EXP.012	3	expansion	expansion	prefix trim ${v#pat} ${v##pat}	present	QUOTING + PARAMETERS + EXPANSION	Expansion feature or operator family.
C3.EXP.013	3	expansion	expansion	suffix trim ${v%pat} ${v%%pat}	present	QUOTING + PARAMETERS + EXPANSION	Expansion feature or operator family.
C3.EXP.014	3	expansion	expansion	replacement ${v/pat/repl} ${v//pat/repl}	present	QUOTING + PARAMETERS + EXPANSION	Expansion feature or operator family.
C3.EXP.015	3	expansion	expansion	case modification ${v^} ${v^^} ${v,} ${v,,}	extension	QUOTING + PARAMETERS + EXPANSION	Expansion feature or operator family.
C3.EXP.016	3	expansion	expansion	transformation operator ${v@op} (scalar/positional/array variants)	extension	QUOTING + PARAMETERS + EXPANSION	Expansion feature or operator family, including `$@`/`$*` and `${arr[@]@op}`/`${arr[*]@op}` forms.
C3.EXP.017	3	expansion	expansion	indirection ${!name}	extension	QUOTING + PARAMETERS + EXPANSION	Expansion feature or operator family.
C3.EXP.018	3	expansion	expansion	name expansion ${!prefix*} ${!prefix@}	extension	QUOTING + PARAMETERS + EXPANSION	Expansion feature or operator family.
C3.EXP.019	3	expansion	expansion	array subscript expansion ${a[i]} ${a[@]} ${a[*]}	present	QUOTING + PARAMETERS + EXPANSION	Expansion feature or operator family.
C3.EXP.020	3	expansion	expansion	array slicing ${a[@]:o:l}	present	QUOTING + PARAMETERS + EXPANSION	Expansion feature or operator family.
C3.EXP.021	3	expansion	expansion	command substitution $(cmd)	present	QUOTING + PARAMETERS + EXPANSION	Expansion feature or operator family.
C3.EXP.022	3	expansion	expansion	backtick substitution `cmd`	present	QUOTING + PARAMETERS + EXPANSION	Expansion feature or operator family.
C3.EXP.023	3	expansion	expansion	arithmetic expansion $((expr))	present	QUOTING + PARAMETERS + EXPANSION	Expansion feature or operator family.
C3.EXP.024	3	expansion	expansion	process substitution <(cmd) >(cmd)	extension	QUOTING + PARAMETERS + EXPANSION	Expansion feature or operator family.
C3.EXP.025	3	expansion	expansion	word splitting using IFS	present	QUOTING + PARAMETERS + EXPANSION	Expansion feature or operator family.
C3.EXP.026	3	expansion	expansion	pathname expansion (globbing)	extension	QUOTING + PARAMETERS + EXPANSION	Expansion feature or operator family.
C3.EXP.027	3	expansion	expansion	quote removal	present	QUOTING + PARAMETERS + EXPANSION	Expansion feature or operator family.
C3.EXP.028	3	expansion	expansion	ANSI-C quoting $'...'	extension	QUOTING + PARAMETERS + EXPANSION	Expansion feature or operator family.
C3.EXP.029	3	expansion	expansion	locale translation quoting $"..."	extension	QUOTING + PARAMETERS + EXPANSION	Expansion feature or operator family.
C3.EXP.030	3	expansion	expansion	command substitution newline trimming	present	QUOTING + PARAMETERS + EXPANSION	Expansion feature or operator family.
C3.EXP.031	3	expansion	expansion	expansion order as documented in EXPANSION	present	QUOTING + PARAMETERS + EXPANSION	Expansion feature or operator family.
C4.REDIR.001	4	redirection	redirection	[n]<word input redirection	present	REDIRECTION	Redirection surface and semantics.
C4.REDIR.002	4	redirection	redirection	[n]>word output redirection	present	REDIRECTION	Redirection surface and semantics.
C4.REDIR.003	4	redirection	redirection	[n]>>word append redirection	present	REDIRECTION	Redirection surface and semantics.
C4.REDIR.004	4	redirection	redirection	[n]<>word read/write redirection	present	REDIRECTION	Redirection surface and semantics.
C4.REDIR.005	4	redirection	redirection	[n]>&word duplicate output fd	present	REDIRECTION	Redirection surface and semantics.
C4.REDIR.006	4	redirection	redirection	[n]<&word duplicate input fd	present	REDIRECTION	Redirection surface and semantics.
C4.REDIR.007	4	redirection	redirection	[n]>&- close output fd	present	REDIRECTION	Redirection surface and semantics.
C4.REDIR.008	4	redirection	redirection	[n]<&- close input fd	present	REDIRECTION	Redirection surface and semantics.
C4.REDIR.009	4	redirection	redirection	[n]>|word noclobber override	present	REDIRECTION	Redirection surface and semantics.
C4.REDIR.010	4	redirection	redirection	here-document <<word	present	REDIRECTION	Redirection surface and semantics.
C4.REDIR.011	4	redirection	redirection	here-document with tab-strip <<-word	present	REDIRECTION	Redirection surface and semantics.
C4.REDIR.012	4	redirection	redirection	here-string <<<word	extension	REDIRECTION	Redirection surface and semantics.
C4.REDIR.013	4	redirection	redirection	redirect stdout+stderr &>word	extension	REDIRECTION	Redirection surface and semantics.
C4.REDIR.014	4	redirection	redirection	append stdout+stderr &>>word	extension	REDIRECTION	Redirection surface and semantics.
C4.REDIR.015	4	redirection	redirection	move fd [n]>&digit- and [n]<&digit-	present	REDIRECTION	Redirection surface and semantics.
C4.REDIR.016	4	redirection	redirection	named-fd redirection {varname}<word and family	extension	REDIRECTION	Redirection surface and semantics.
C4.REDIR.017	4	redirection	redirection	/dev/fd/N pseudo-path redirection	present	REDIRECTION	Redirection surface and semantics.
C4.REDIR.018	4	redirection	redirection	/dev/stdin /dev/stdout /dev/stderr handling	present	REDIRECTION	Redirection surface and semantics.
C4.REDIR.019	4	redirection	redirection	/dev/tcp/host/port redirection	extension	REDIRECTION	Redirection surface and semantics.
C4.REDIR.020	4	redirection	redirection	/dev/udp/host/port redirection	extension	REDIRECTION	Redirection surface and semantics.
C4.REDIR.021	4	redirection	redirection	redirection ordering left-to-right	present	REDIRECTION	Redirection surface and semantics.
C5.BUILTIN.DOT	5	builtin.command	builtin	.	present	SHELL BUILTIN COMMANDS	Builtin command documented in SHELL BUILTIN COMMANDS.
C5.BUILTIN.COLON	5	builtin.command	builtin	:	present	SHELL BUILTIN COMMANDS	Builtin command documented in SHELL BUILTIN COMMANDS.
C5.BUILTIN.LBRACK	5	builtin.command	builtin	[	present	SHELL BUILTIN COMMANDS	Builtin command documented in SHELL BUILTIN COMMANDS.
C5.BUILTIN.ALIAS	5	builtin.command	builtin	alias	extension	SHELL BUILTIN COMMANDS	Builtin command documented in SHELL BUILTIN COMMANDS.
C5.BUILTIN.BG	5	builtin.command	builtin	bg	extension	SHELL BUILTIN COMMANDS	Builtin command documented in SHELL BUILTIN COMMANDS.
C5.BUILTIN.BIND	5	builtin.command	builtin	bind	extension	SHELL BUILTIN COMMANDS	Builtin command documented in SHELL BUILTIN COMMANDS.
C5.BUILTIN.BREAK	5	builtin.command	builtin	break	present	SHELL BUILTIN COMMANDS	Builtin command documented in SHELL BUILTIN COMMANDS.
C5.BUILTIN.BUILTIN	5	builtin.command	builtin	builtin	extension	SHELL BUILTIN COMMANDS	Builtin command documented in SHELL BUILTIN COMMANDS.
C5.BUILTIN.CALLER	5	builtin.command	builtin	caller	extension	SHELL BUILTIN COMMANDS	Builtin command documented in SHELL BUILTIN COMMANDS.
C5.BUILTIN.CD	5	builtin.command	builtin	cd	present	SHELL BUILTIN COMMANDS	Builtin command documented in SHELL BUILTIN COMMANDS.
C5.BUILTIN.COMMAND	5	builtin.command	builtin	command	extension	SHELL BUILTIN COMMANDS	Builtin command documented in SHELL BUILTIN COMMANDS.
C5.BUILTIN.COMPGEN	5	builtin.command	builtin	compgen	extension	SHELL BUILTIN COMMANDS	Builtin command documented in SHELL BUILTIN COMMANDS.
C5.BUILTIN.COMPLETE	5	builtin.command	builtin	complete	extension	SHELL BUILTIN COMMANDS	Builtin command documented in SHELL BUILTIN COMMANDS.
C5.BUILTIN.COMPOPT	5	builtin.command	builtin	compopt	extension	SHELL BUILTIN COMMANDS	Builtin command documented in SHELL BUILTIN COMMANDS.
C5.BUILTIN.CONTINUE	5	builtin.command	builtin	continue	present	SHELL BUILTIN COMMANDS	Builtin command documented in SHELL BUILTIN COMMANDS.
C5.BUILTIN.DECLARE	5	builtin.command	builtin	declare	extension	SHELL BUILTIN COMMANDS	Builtin command documented in SHELL BUILTIN COMMANDS.
C5.BUILTIN.DIRS	5	builtin.command	builtin	dirs	extension	SHELL BUILTIN COMMANDS	Builtin command documented in SHELL BUILTIN COMMANDS.
C5.BUILTIN.DISOWN	5	builtin.command	builtin	disown	extension	SHELL BUILTIN COMMANDS	Builtin command documented in SHELL BUILTIN COMMANDS.
C5.BUILTIN.ECHO	5	builtin.command	builtin	echo	extension	SHELL BUILTIN COMMANDS	Builtin command documented in SHELL BUILTIN COMMANDS.
C5.BUILTIN.ENABLE	5	builtin.command	builtin	enable	extension	SHELL BUILTIN COMMANDS	Builtin command documented in SHELL BUILTIN COMMANDS.
C5.BUILTIN.EVAL	5	builtin.command	builtin	eval	present	SHELL BUILTIN COMMANDS	Builtin command documented in SHELL BUILTIN COMMANDS.
C5.BUILTIN.EXEC	5	builtin.command	builtin	exec	present	SHELL BUILTIN COMMANDS	Builtin command documented in SHELL BUILTIN COMMANDS.
C5.BUILTIN.EXIT	5	builtin.command	builtin	exit	present	SHELL BUILTIN COMMANDS	Builtin command documented in SHELL BUILTIN COMMANDS.
C5.BUILTIN.EXPORT	5	builtin.command	builtin	export	present	SHELL BUILTIN COMMANDS	Builtin command documented in SHELL BUILTIN COMMANDS.
C5.BUILTIN.FALSE	5	builtin.command	builtin	false	extension	SHELL BUILTIN COMMANDS	Builtin command documented in SHELL BUILTIN COMMANDS.
C5.BUILTIN.FC	5	builtin.command	builtin	fc	extension	SHELL BUILTIN COMMANDS	Builtin command documented in SHELL BUILTIN COMMANDS.
C5.BUILTIN.FC.ENV	5	builtin.command	builtin	fc editor env propagation	extension	SHELL BUILTIN COMMANDS	Editor subprocess for fc should observe shell runtime env (FCEDIT/EDITOR and exported vars).
C5.BUILTIN.FC.EMPTY	5	builtin.command	builtin	fc empty-history behavior	extension	SHELL BUILTIN COMMANDS	fc empty-history surfaces should match comparator behavior across list/edit/reexec/substitute forms.
C5.BUILTIN.FC.EOVERRIDE	5	builtin.command	builtin	fc -e override precedence	extension	SHELL BUILTIN COMMANDS	Explicit `-e editor` takes precedence over FCEDIT and EDITOR fallback.
C5.BUILTIN.FC.REF	5	builtin.command	builtin	fc reference precedence	extension	SHELL BUILTIN COMMANDS	All-digit refs are event numbers; non-digit refs are prefix lookups.
C5.BUILTIN.FG	5	builtin.command	builtin	fg	extension	SHELL BUILTIN COMMANDS	Builtin command documented in SHELL BUILTIN COMMANDS.
C5.BUILTIN.GETOPTS	5	builtin.command	builtin	getopts	present	SHELL BUILTIN COMMANDS	Builtin command documented in SHELL BUILTIN COMMANDS.
C5.BUILTIN.HASH	5	builtin.command	builtin	hash	present	SHELL BUILTIN COMMANDS	Builtin command documented in SHELL BUILTIN COMMANDS.
C5.BUILTIN.HELP	5	builtin.command	builtin	help	extension	SHELL BUILTIN COMMANDS	Builtin command documented in SHELL BUILTIN COMMANDS.
C5.BUILTIN.HISTORY	5	builtin.command	builtin	history	extension	SHELL BUILTIN COMMANDS	Builtin command documented in SHELL BUILTIN COMMANDS.
C5.BUILTIN.JOBS	5	builtin.command	builtin	jobs	extension	SHELL BUILTIN COMMANDS	Builtin command documented in SHELL BUILTIN COMMANDS.
C5.BUILTIN.KILL	5	builtin.command	builtin	kill	extension	SHELL BUILTIN COMMANDS	Builtin command documented in SHELL BUILTIN COMMANDS.
C5.BUILTIN.LET	5	builtin.command	builtin	let	extension	SHELL BUILTIN COMMANDS	Builtin command documented in SHELL BUILTIN COMMANDS.
C5.BUILTIN.LOCAL	5	builtin.command	builtin	local	extension	SHELL BUILTIN COMMANDS	Builtin command documented in SHELL BUILTIN COMMANDS.
C5.BUILTIN.LOGOUT	5	builtin.command	builtin	logout	extension	SHELL BUILTIN COMMANDS	Builtin command documented in SHELL BUILTIN COMMANDS.
C5.BUILTIN.MAPFILE	5	builtin.command	builtin	mapfile	extension	SHELL BUILTIN COMMANDS	Builtin command documented in SHELL BUILTIN COMMANDS.
C5.BUILTIN.POPD	5	builtin.command	builtin	popd	extension	SHELL BUILTIN COMMANDS	Builtin command documented in SHELL BUILTIN COMMANDS.
C5.BUILTIN.PRINTF	5	builtin.command	builtin	printf	extension	SHELL BUILTIN COMMANDS	Builtin command documented in SHELL BUILTIN COMMANDS.
C5.BUILTIN.PUSHD	5	builtin.command	builtin	pushd	extension	SHELL BUILTIN COMMANDS	Builtin command documented in SHELL BUILTIN COMMANDS.
C5.BUILTIN.PWD	5	builtin.command	builtin	pwd	present	SHELL BUILTIN COMMANDS	Builtin command documented in SHELL BUILTIN COMMANDS.
C5.BUILTIN.READ	5	builtin.command	builtin	read	extension	SHELL BUILTIN COMMANDS	Builtin command documented in SHELL BUILTIN COMMANDS.
C5.BUILTIN.READARRAY	5	builtin.command	builtin	readarray	extension	SHELL BUILTIN COMMANDS	Builtin command documented in SHELL BUILTIN COMMANDS.
C5.BUILTIN.READONLY	5	builtin.command	builtin	readonly	present	SHELL BUILTIN COMMANDS	Builtin command documented in SHELL BUILTIN COMMANDS.
C5.BUILTIN.RETURN	5	builtin.command	builtin	return	present	SHELL BUILTIN COMMANDS	Builtin command documented in SHELL BUILTIN COMMANDS.
C5.BUILTIN.SET	5	builtin.command	builtin	set	present	SHELL BUILTIN COMMANDS	Builtin command documented in SHELL BUILTIN COMMANDS.
C5.BUILTIN.SHIFT	5	builtin.command	builtin	shift	present	SHELL BUILTIN COMMANDS	Builtin command documented in SHELL BUILTIN COMMANDS.
C5.BUILTIN.SHOPT	5	builtin.command	builtin	shopt	extension	SHELL BUILTIN COMMANDS	Builtin command documented in SHELL BUILTIN COMMANDS.
C5.BUILTIN.SOURCE	5	builtin.command	builtin	source	extension	SHELL BUILTIN COMMANDS	Builtin command documented in SHELL BUILTIN COMMANDS.
C5.BUILTIN.SUSPEND	5	builtin.command	builtin	suspend	extension	SHELL BUILTIN COMMANDS	Builtin command documented in SHELL BUILTIN COMMANDS.
C5.BUILTIN.TEST	5	builtin.command	builtin	test	present	SHELL BUILTIN COMMANDS	Builtin command documented in SHELL BUILTIN COMMANDS.
C5.BUILTIN.TIMES	5	builtin.command	builtin	times	present	SHELL BUILTIN COMMANDS	Builtin command documented in SHELL BUILTIN COMMANDS.
C5.BUILTIN.TRAP	5	builtin.command	builtin	trap	present	SHELL BUILTIN COMMANDS	Builtin command documented in SHELL BUILTIN COMMANDS.
C5.BUILTIN.TRUE	5	builtin.command	builtin	true	extension	SHELL BUILTIN COMMANDS	Builtin command documented in SHELL BUILTIN COMMANDS.
C5.BUILTIN.TYPE	5	builtin.command	builtin	type	extension	SHELL BUILTIN COMMANDS	Builtin command documented in SHELL BUILTIN COMMANDS.
C5.BUILTIN.TYPESET	5	builtin.command	builtin	typeset	extension	SHELL BUILTIN COMMANDS	Builtin command documented in SHELL BUILTIN COMMANDS.
C5.BUILTIN.ULIMIT	5	builtin.command	builtin	ulimit	extension	SHELL BUILTIN COMMANDS	Builtin command documented in SHELL BUILTIN COMMANDS.
C5.BUILTIN.UMASK	5	builtin.command	builtin	umask	present	SHELL BUILTIN COMMANDS	Builtin command documented in SHELL BUILTIN COMMANDS.
C5.BUILTIN.UNALIAS	5	builtin.command	builtin	unalias	present	SHELL BUILTIN COMMANDS	Builtin command documented in SHELL BUILTIN COMMANDS.
C5.BUILTIN.UNSET	5	builtin.command	builtin	unset	present	SHELL BUILTIN COMMANDS	Builtin command documented in SHELL BUILTIN COMMANDS.
C5.BUILTIN.WAIT	5	builtin.command	builtin	wait	present	SHELL BUILTIN COMMANDS	Builtin command documented in SHELL BUILTIN COMMANDS.
C6.SPARAM.01	6	variables.special-parameters	variable	$*	present	PARAMETERS	Special parameter semantics.
C6.SPARAM.02	6	variables.special-parameters	variable	$@	present	PARAMETERS	Special parameter semantics.
C6.SPARAM.03	6	variables.special-parameters	variable	$#	present	PARAMETERS	Special parameter semantics.
C6.SPARAM.04	6	variables.special-parameters	variable	$?	present	PARAMETERS	Special parameter semantics.
C6.SPARAM.05	6	variables.special-parameters	variable	$-	present	PARAMETERS	Special parameter semantics.
C6.SPARAM.06	6	variables.special-parameters	variable	$$	present	PARAMETERS	Special parameter semantics.
C6.SPARAM.07	6	variables.special-parameters	variable	$!	present	PARAMETERS	Special parameter semantics.
C6.SPARAM.08	6	variables.special-parameters	variable	$0	present	PARAMETERS	Special parameter semantics.
C6.SPARAM.09	6	variables.special-parameters	variable	$1..$N	present	PARAMETERS	Special parameter semantics.
C6.VAR.CORE.HOME	6	variables.posix-core	variable	HOME	present	PARAMETERS + Shell Variables	Core shell variable.
C6.VAR.CORE.PATH	6	variables.posix-core	variable	PATH	present	PARAMETERS + Shell Variables	Core shell variable.
C6.VAR.CORE.IFS	6	variables.posix-core	variable	IFS	present	PARAMETERS + Shell Variables	Core shell variable.
C6.VAR.CORE.PWD	6	variables.posix-core	variable	PWD	present	PARAMETERS + Shell Variables	Core shell variable.
C6.VAR.CORE.OLDPWD	6	variables.posix-core	variable	OLDPWD	present	PARAMETERS + Shell Variables	Core shell variable.
C6.VAR.CORE.OPTIND	6	variables.posix-core	variable	OPTIND	present	PARAMETERS + Shell Variables	Core shell variable.
C6.VAR.CORE.OPTARG	6	variables.posix-core	variable	OPTARG	present	PARAMETERS + Shell Variables	Core shell variable.
C6.VAR.CORE.PS1	6	variables.posix-core	variable	PS1	present	PARAMETERS + Shell Variables	Core shell variable.
C6.VAR.CORE.PS2	6	variables.posix-core	variable	PS2	present	PARAMETERS + Shell Variables	Core shell variable.
C6.VAR.CORE.MAIL	6	variables.posix-core	variable	MAIL	present	PARAMETERS + Shell Variables	Core shell variable.
C6.VAR.CORE.MAILPATH	6	variables.posix-core	variable	MAILPATH	present	PARAMETERS + Shell Variables	Core shell variable.
C6.VAR.CORE.LANG	6	variables.posix-core	variable	LANG	present	PARAMETERS + Shell Variables	Core shell variable.
C6.VAR.CORE.LC_ALL	6	variables.posix-core	variable	LC_ALL	present	PARAMETERS + Shell Variables	Core shell variable.
C6.VAR.CORE.LC_CTYPE	6	variables.posix-core	variable	LC_CTYPE	present	PARAMETERS + Shell Variables	Core shell variable.
C6.VAR.CORE.LC_MESSAGES	6	variables.posix-core	variable	LC_MESSAGES	present	PARAMETERS + Shell Variables	Core shell variable.
C6.VAR.CORE.LINENO	6	variables.posix-core	variable	LINENO	present	PARAMETERS + Shell Variables	Core shell variable.
C6.VAR.CORE.ENV	6	variables.posix-core	variable	ENV	present	PARAMETERS + Shell Variables	Core shell variable.
C6.VAR.BASH.BASH	6	variables.bash-extension	variable	BASH	extension	Shell Variables + builtins	Bash-specific or Bash-extended variable surface.
C6.VAR.BASH.BASH_VERSION	6	variables.bash-extension	variable	BASH_VERSION	extension	Shell Variables + builtins	Bash-specific or Bash-extended variable surface.
C6.VAR.BASH.BASH_VERSINFO	6	variables.bash-extension	variable	BASH_VERSINFO	extension	Shell Variables + builtins	Bash-specific or Bash-extended variable surface.
C6.VAR.BASH.BASH_SOURCE	6	variables.bash-extension	variable	BASH_SOURCE	extension	Shell Variables + builtins	Bash-specific or Bash-extended variable surface.
C6.VAR.BASH.BASH_LINENO	6	variables.bash-extension	variable	BASH_LINENO	extension	Shell Variables + builtins	Bash-specific or Bash-extended variable surface.
C6.VAR.BASH.BASH_COMMAND	6	variables.bash-extension	variable	BASH_COMMAND	extension	Shell Variables + builtins	Bash-specific or Bash-extended variable surface.
C6.VAR.BASH.BASH_SUBSHELL	6	variables.bash-extension	variable	BASH_SUBSHELL	extension	Shell Variables + builtins	Bash-specific or Bash-extended variable surface.
C6.VAR.BASH.BASHPID	6	variables.bash-extension	variable	BASHPID	extension	Shell Variables + builtins	Bash-specific or Bash-extended variable surface.
C6.VAR.BASH.BASHOPTS	6	variables.bash-extension	variable	BASHOPTS	extension	Shell Variables + builtins	Bash-specific or Bash-extended variable surface.
C6.VAR.BASH.SHELLOPTS	6	variables.bash-extension	variable	SHELLOPTS	extension	Shell Variables + builtins	Bash-specific or Bash-extended variable surface.
C6.VAR.BASH.BASH_COMPAT	6	variables.bash-extension	variable	BASH_COMPAT	extension	Shell Variables + builtins	Bash-specific or Bash-extended variable surface.
C6.VAR.BASH.BASH_ENV	6	variables.bash-extension	variable	BASH_ENV	extension	Shell Variables + builtins	Bash-specific or Bash-extended variable surface.
C6.VAR.BASH.BASH_ARGC	6	variables.bash-extension	variable	BASH_ARGC	extension	Shell Variables + builtins	Bash-specific or Bash-extended variable surface.
C6.VAR.BASH.BASH_ARGV	6	variables.bash-extension	variable	BASH_ARGV	extension	Shell Variables + builtins	Bash-specific or Bash-extended variable surface.
C6.VAR.BASH.BASH_ARGV0	6	variables.bash-extension	variable	BASH_ARGV0	extension	Shell Variables + builtins	Bash-specific or Bash-extended variable surface.
C6.VAR.BASH.BASH_CMDS	6	variables.bash-extension	variable	BASH_CMDS	extension	Shell Variables + builtins	Bash-specific or Bash-extended variable surface.
C6.VAR.BASH.BASH_REMATCH	6	variables.bash-extension	variable	BASH_REMATCH	extension	Shell Variables + builtins	Bash-specific or Bash-extended variable surface.
C6.VAR.BASH.BASH_LOADABLES_PATH	6	variables.bash-extension	variable	BASH_LOADABLES_PATH	extension	Shell Variables + builtins	Bash-specific or Bash-extended variable surface.
C6.VAR.BASH.BASH_XTRACEFD	6	variables.bash-extension	variable	BASH_XTRACEFD	extension	Shell Variables + builtins	Bash-specific or Bash-extended variable surface.
C6.VAR.BASH.EPOCHREALTIME	6	variables.bash-extension	variable	EPOCHREALTIME	extension	Shell Variables + builtins	Bash-specific or Bash-extended variable surface.
C6.VAR.BASH.EPOCHSECONDS	6	variables.bash-extension	variable	EPOCHSECONDS	extension	Shell Variables + builtins	Bash-specific or Bash-extended variable surface.
C6.VAR.BASH.RANDOM	6	variables.bash-extension	variable	RANDOM	extension	Shell Variables + builtins	Bash-specific or Bash-extended variable surface.
C6.VAR.BASH.SECONDS	6	variables.bash-extension	variable	SECONDS	extension	Shell Variables + builtins	Bash-specific or Bash-extended variable surface.
C6.VAR.BASH.SRANDOM	6	variables.bash-extension	variable	SRANDOM	extension	Shell Variables + builtins	Bash-specific or Bash-extended variable surface.
C6.VAR.BASH.EUID	6	variables.bash-extension	variable	EUID	extension	Shell Variables + builtins	Bash-specific or Bash-extended variable surface.
C6.VAR.BASH.UID	6	variables.bash-extension	variable	UID	extension	Shell Variables + builtins	Bash-specific or Bash-extended variable surface.
C6.VAR.BASH.PPID	6	variables.bash-extension	variable	PPID	extension	Shell Variables + builtins	Bash-specific or Bash-extended variable surface.
C6.VAR.BASH.GROUPS	6	variables.bash-extension	variable	GROUPS	extension	Shell Variables + builtins	Bash-specific or Bash-extended variable surface.
C6.VAR.BASH.DIRSTACK	6	variables.bash-extension	variable	DIRSTACK	extension	Shell Variables + builtins	Bash-specific or Bash-extended variable surface.
C6.VAR.BASH.FUNCNAME	6	variables.bash-extension	variable	FUNCNAME	extension	Shell Variables + builtins	Bash-specific or Bash-extended variable surface.
C6.VAR.BASH.COPROC	6	variables.bash-extension	variable	COPROC	extension	Shell Variables + builtins	Bash-specific or Bash-extended variable surface.
C6.VAR.BASH.REPLY	6	variables.bash-extension	variable	REPLY	extension	Shell Variables + builtins	Bash-specific or Bash-extended variable surface.
C6.VAR.BASH.PROMPT_COMMAND	6	variables.bash-extension	variable	PROMPT_COMMAND	extension	Shell Variables + builtins	Bash-specific or Bash-extended variable surface.
C6.VAR.BASH.PS0	6	variables.bash-extension	variable	PS0	extension	Shell Variables + builtins	Bash-specific or Bash-extended variable surface.
C6.VAR.BASH.PS3	6	variables.bash-extension	variable	PS3	extension	Shell Variables + builtins	Bash-specific or Bash-extended variable surface.
C6.VAR.BASH.PS4	6	variables.bash-extension	variable	PS4	extension	Shell Variables + builtins	Bash-specific or Bash-extended variable surface.
C6.VAR.BASH.TIMEFORMAT	6	variables.bash-extension	variable	TIMEFORMAT	extension	Shell Variables + builtins	Bash-specific timing output format variable used by the time reserved word.
C6.VAR.BASH.COMP_LINE	6	variables.bash-extension	variable	COMP_LINE	extension	Shell Variables + builtins	Bash-specific or Bash-extended variable surface.
C6.VAR.BASH.COMP_POINT	6	variables.bash-extension	variable	COMP_POINT	extension	Shell Variables + builtins	Bash-specific or Bash-extended variable surface.
C6.VAR.BASH.COMP_WORDS	6	variables.bash-extension	variable	COMP_WORDS	extension	Shell Variables + builtins	Bash-specific or Bash-extended variable surface.
C6.VAR.BASH.COMP_CWORD	6	variables.bash-extension	variable	COMP_CWORD	extension	Shell Variables + builtins	Bash-specific or Bash-extended variable surface.
C6.VAR.BASH.COMP_WORDBREAKS	6	variables.bash-extension	variable	COMP_WORDBREAKS	extension	Shell Variables + builtins	Bash-specific or Bash-extended variable surface.
C6.VAR.BASH.COMP_TYPE	6	variables.bash-extension	variable	COMP_TYPE	extension	Shell Variables + builtins	Bash-specific or Bash-extended variable surface.
C6.VAR.BASH.COMP_KEY	6	variables.bash-extension	variable	COMP_KEY	extension	Shell Variables + builtins	Bash-specific or Bash-extended variable surface.
C6.VAR.BASH.COMPREPLY	6	variables.bash-extension	variable	COMPREPLY	extension	Shell Variables + builtins	Bash-specific or Bash-extended variable surface.
C6.VAR.BASH.HISTFILE	6	variables.bash-extension	variable	HISTFILE	extension	Shell Variables + builtins	Bash-specific or Bash-extended variable surface.
C6.VAR.BASH.HISTSIZE	6	variables.bash-extension	variable	HISTSIZE	extension	Shell Variables + builtins	Bash-specific or Bash-extended variable surface.
C6.VAR.BASH.HISTFILESIZE	6	variables.bash-extension	variable	HISTFILESIZE	extension	Shell Variables + builtins	Bash-specific or Bash-extended variable surface.
C6.VAR.BASH.HISTCONTROL	6	variables.bash-extension	variable	HISTCONTROL	extension	Shell Variables + builtins	Bash-specific or Bash-extended variable surface.
C6.VAR.BASH.HISTIGNORE	6	variables.bash-extension	variable	HISTIGNORE	extension	Shell Variables + builtins	Bash-specific or Bash-extended variable surface.
C6.VAR.BASH.HISTTIMEFORMAT	6	variables.bash-extension	variable	HISTTIMEFORMAT	extension	Shell Variables + builtins	Bash-specific or Bash-extended variable surface.
C6.VAR.BASH.HOSTFILE	6	variables.bash-extension	variable	HOSTFILE	extension	Shell Variables + builtins	Bash-specific or Bash-extended variable surface.
C6.VAR.BASH.FCEDIT	6	variables.bash-extension	variable	FCEDIT	extension	Shell Variables + builtins	Bash-specific or Bash-extended variable surface.
C6.VAR.BASH.TMOUT	6	variables.bash-extension	variable	TMOUT	extension	Shell Variables + builtins	Bash-specific or Bash-extended variable surface.
C7.INT.01	7	interactive	interactive	prompt escapes in PS1/PS2/PS4 (\u, \h, \w, \!, etc.)	n/a	PROMPTING + READLINE + HISTORY	Interactive subsystem requirement (PTY/interactive lane).
C7.INT.02	7	interactive	interactive	PROMPT_COMMAND execution before primary prompt	n/a	PROMPTING + READLINE + HISTORY	Interactive subsystem requirement (PTY/interactive lane).
C7.INT.03	7	interactive	interactive	readline editing modes emacs/vi	n/a	PROMPTING + READLINE + HISTORY	Interactive subsystem requirement (PTY/interactive lane).
C7.INT.04	7	interactive	interactive	bind builtin keymap/query/assignment	n/a	PROMPTING + READLINE + HISTORY	Interactive subsystem requirement (PTY/interactive lane).
C7.INT.05	7	interactive	interactive	history list/edit/delete/write/read	n/a	PROMPTING + READLINE + HISTORY	Interactive subsystem requirement (PTY/interactive lane).
C7.INT.06	7	interactive	interactive	history expansion ! forms	n/a	PROMPTING + READLINE + HISTORY	Interactive subsystem requirement (PTY/interactive lane).
C7.INT.07	7	interactive	interactive	fc editor/list/re-exec flows	n/a	PROMPTING + READLINE + HISTORY	Interactive subsystem requirement (PTY/interactive lane).
C7.INT.07.FC	7	interactive	interactive	fc interactive editor execution flow	n/a	PROMPTING + READLINE + HISTORY	Interactive fc edit->reexec flow under PTY with deterministic editor transformation.
C7.INT.08	7	interactive	interactive	programmable completion complete/compgen/compopt	n/a	PROMPTING + READLINE + HISTORY	Interactive subsystem requirement (PTY/interactive lane).
C7.INT.09	7	interactive	interactive	completion variables COMP_* and COMPREPLY	n/a	PROMPTING + READLINE + HISTORY	Interactive subsystem requirement (PTY/interactive lane).
C7.INT.10	7	interactive	interactive	interactive comments behavior (interactive_comments)	n/a	PROMPTING + READLINE + HISTORY	Interactive subsystem requirement (PTY/interactive lane).
C8.JOB.01	8	jobs-signals	behavior	job table maintenance for async commands	present	SIGNALS + JOB CONTROL + builtins	Job control and signal behavior requirement.
C8.JOB.02	8	jobs-signals	behavior	jobs builtin listing forms	present	SIGNALS + JOB CONTROL + builtins	Job control and signal behavior requirement.
C8.JOB.03	8	jobs-signals	behavior	fg builtin jobspec resume in foreground	n/a	SIGNALS + JOB CONTROL + builtins	Job control and signal behavior requirement.
C8.JOB.04	8	jobs-signals	behavior	bg builtin jobspec resume in background	present	SIGNALS + JOB CONTROL + builtins	Job control and signal behavior requirement.
C8.JOB.05	8	jobs-signals	behavior	wait builtin with pid/jobspec and status propagation	present	SIGNALS + JOB CONTROL + builtins	Job control and signal behavior requirement.
C8.JOB.06	8	jobs-signals	behavior	trap set/list/clear handlers	present	SIGNALS + JOB CONTROL + builtins	Job control and signal behavior requirement.
C8.JOB.07	8	jobs-signals	behavior	signal delivery to foreground jobs	n/a	SIGNALS + JOB CONTROL + builtins	Job control and signal behavior requirement.
C8.JOB.08	8	jobs-signals	behavior	SIGINT/SIGQUIT/SIGTERM handling semantics	present	SIGNALS + JOB CONTROL + builtins	Job control and signal behavior requirement.
C8.JOB.09	8	jobs-signals	behavior	EXIT trap semantics	present	SIGNALS + JOB CONTROL + builtins	Job control and signal behavior requirement.
C8.JOB.10	8	jobs-signals	behavior	DEBUG/RETURN/ERR trap options and inheritance	present	SIGNALS + JOB CONTROL + builtins	Job control and signal behavior requirement.
C8.JOB.11	8	jobs-signals	behavior	set -m monitor mode behavior	n/a	SIGNALS + JOB CONTROL + builtins	Job control and signal behavior requirement.
C8.JOB.12	8	jobs-signals	behavior	notification mode set -b/notify	n/a	SIGNALS + JOB CONTROL + builtins	Job control and signal behavior requirement.
C9.COMP.01	9	compatibility	behavior	restricted shell command/path assignment limits	changed	SHELL COMPATIBILITY MODE + RESTRICTED SHELL	Compatibility framework requirement.
C9.COMP.02	9	compatibility	behavior	rbash invocation behavior	changed	SHELL COMPATIBILITY MODE + RESTRICTED SHELL	Compatibility framework requirement.
C9.COMP.03	9	compatibility	behavior	BASH_COMPAT compatibility levels	changed	SHELL COMPATIBILITY MODE + RESTRICTED SHELL	Compatibility framework requirement.
C9.COMP.04	9	compatibility	behavior	shopt compat31..compat44 switches	changed	SHELL COMPATIBILITY MODE + RESTRICTED SHELL	Compatibility framework requirement.
C9.COMP.05	9	compatibility	behavior	invoked-as-sh behavior changes	changed	SHELL COMPATIBILITY MODE + RESTRICTED SHELL	Compatibility framework requirement.
C9.COMP.06	9	compatibility	behavior	posix mode deviations from default bash	changed	SHELL COMPATIBILITY MODE + RESTRICTED SHELL	Compatibility framework requirement.
C9.COMP.07	9	compatibility	behavior	compatibility and mode diagnostics surfaces	changed	SHELL COMPATIBILITY MODE + RESTRICTED SHELL	Compatibility framework requirement.
C10.STATE.01	10	state-model	behavior	variables assignment attributes (declare/local/typeset)	changed	PARAMETERS + Shell Variables	State-model requirement for parity testing.
C10.STATE.02	10	state-model	behavior	readonly/export attribute propagation	changed	PARAMETERS + Shell Variables	State-model requirement for parity testing.
C10.STATE.03	10	state-model	behavior	array/indexed/assoc state model	changed	PARAMETERS + Shell Variables	State-model requirement for parity testing.
C10.STATE.04	10	state-model	behavior	environment import/export behavior	changed	PARAMETERS + Shell Variables	State-model requirement for parity testing.
C10.STATE.05	10	state-model	behavior	startup-time variable influences (POSIXLY_CORRECT, BASH_ENV, ENV)	changed	PARAMETERS + Shell Variables	State-model requirement for parity testing.
C10.STATE.06	10	state-model	behavior	special variable side effects (RANDOM, LINENO, SECONDS, REPLY)	changed	PARAMETERS + Shell Variables	State-model requirement for parity testing.
C11.SHOPT.ASSOC_EXPAND_ONCE	11	shopt-option-surface	option	assoc_expand_once	extension	SHELL BUILTIN COMMANDS (shopt)	Explicit shopt option in bash option surface.
C11.SHOPT.AUTOCD	11	shopt-option-surface	option	autocd	extension	SHELL BUILTIN COMMANDS (shopt)	Explicit shopt option in bash option surface.
C11.SHOPT.CDABLE_VARS	11	shopt-option-surface	option	cdable_vars	extension	SHELL BUILTIN COMMANDS (shopt)	Explicit shopt option in bash option surface.
C11.SHOPT.CDSPELL	11	shopt-option-surface	option	cdspell	extension	SHELL BUILTIN COMMANDS (shopt)	Explicit shopt option in bash option surface.
C11.SHOPT.CHECKHASH	11	shopt-option-surface	option	checkhash	extension	SHELL BUILTIN COMMANDS (shopt)	Explicit shopt option in bash option surface.
C11.SHOPT.CHECKJOBS	11	shopt-option-surface	option	checkjobs	extension	SHELL BUILTIN COMMANDS (shopt)	Explicit shopt option in bash option surface.
C11.SHOPT.CHECKWINSIZE	11	shopt-option-surface	option	checkwinsize	extension	SHELL BUILTIN COMMANDS (shopt)	Explicit shopt option in bash option surface.
C11.SHOPT.CMDHIST	11	shopt-option-surface	option	cmdhist	extension	SHELL BUILTIN COMMANDS (shopt)	Explicit shopt option in bash option surface.
C11.SHOPT.COMPAT31	11	shopt-option-surface	option	compat31	extension	SHELL BUILTIN COMMANDS (shopt)	Explicit shopt option in bash option surface.
C11.SHOPT.COMPAT32	11	shopt-option-surface	option	compat32	extension	SHELL BUILTIN COMMANDS (shopt)	Explicit shopt option in bash option surface.
C11.SHOPT.COMPAT40	11	shopt-option-surface	option	compat40	extension	SHELL BUILTIN COMMANDS (shopt)	Explicit shopt option in bash option surface.
C11.SHOPT.COMPAT41	11	shopt-option-surface	option	compat41	extension	SHELL BUILTIN COMMANDS (shopt)	Explicit shopt option in bash option surface.
C11.SHOPT.COMPAT42	11	shopt-option-surface	option	compat42	extension	SHELL BUILTIN COMMANDS (shopt)	Explicit shopt option in bash option surface.
C11.SHOPT.COMPAT43	11	shopt-option-surface	option	compat43	extension	SHELL BUILTIN COMMANDS (shopt)	Explicit shopt option in bash option surface.
C11.SHOPT.COMPAT44	11	shopt-option-surface	option	compat44	extension	SHELL BUILTIN COMMANDS (shopt)	Explicit shopt option in bash option surface.
C11.SHOPT.COMPLETE_FULLQUOTE	11	shopt-option-surface	option	complete_fullquote	extension	SHELL BUILTIN COMMANDS (shopt)	Explicit shopt option in bash option surface.
C11.SHOPT.DIREXPAND	11	shopt-option-surface	option	direxpand	extension	SHELL BUILTIN COMMANDS (shopt)	Explicit shopt option in bash option surface.
C11.SHOPT.DIRSPELL	11	shopt-option-surface	option	dirspell	extension	SHELL BUILTIN COMMANDS (shopt)	Explicit shopt option in bash option surface.
C11.SHOPT.DOTGLOB	11	shopt-option-surface	option	dotglob	extension	SHELL BUILTIN COMMANDS (shopt)	Explicit shopt option in bash option surface.
C11.SHOPT.EXECFAIL	11	shopt-option-surface	option	execfail	extension	SHELL BUILTIN COMMANDS (shopt)	Explicit shopt option in bash option surface.
C11.SHOPT.EXPAND_ALIASES	11	shopt-option-surface	option	expand_aliases	extension	SHELL BUILTIN COMMANDS (shopt)	Explicit shopt option in bash option surface.
C11.SHOPT.EXTDEBUG	11	shopt-option-surface	option	extdebug	extension	SHELL BUILTIN COMMANDS (shopt)	Explicit shopt option in bash option surface.
C11.SHOPT.EXTGLOB	11	shopt-option-surface	option	extglob	extension	SHELL BUILTIN COMMANDS (shopt)	Explicit shopt option in bash option surface.
C11.SHOPT.EXTQUOTE	11	shopt-option-surface	option	extquote	extension	SHELL BUILTIN COMMANDS (shopt)	Explicit shopt option in bash option surface.
C11.SHOPT.FAILGLOB	11	shopt-option-surface	option	failglob	extension	SHELL BUILTIN COMMANDS (shopt)	Explicit shopt option in bash option surface.
C11.SHOPT.FORCE_FIGNORE	11	shopt-option-surface	option	force_fignore	extension	SHELL BUILTIN COMMANDS (shopt)	Explicit shopt option in bash option surface.
C11.SHOPT.GLOBASCIIRANGES	11	shopt-option-surface	option	globasciiranges	extension	SHELL BUILTIN COMMANDS (shopt)	Explicit shopt option in bash option surface.
C11.SHOPT.GLOBSTAR	11	shopt-option-surface	option	globstar	extension	SHELL BUILTIN COMMANDS (shopt)	Explicit shopt option in bash option surface.
C11.SHOPT.GNU_ERRFMT	11	shopt-option-surface	option	gnu_errfmt	extension	SHELL BUILTIN COMMANDS (shopt)	Explicit shopt option in bash option surface.
C11.SHOPT.HISTAPPEND	11	shopt-option-surface	option	histappend	extension	SHELL BUILTIN COMMANDS (shopt)	Explicit shopt option in bash option surface.
C11.SHOPT.HISTREEDIT	11	shopt-option-surface	option	histreedit	extension	SHELL BUILTIN COMMANDS (shopt)	Explicit shopt option in bash option surface.
C11.SHOPT.HISTVERIFY	11	shopt-option-surface	option	histverify	extension	SHELL BUILTIN COMMANDS (shopt)	Explicit shopt option in bash option surface.
C11.SHOPT.HOSTCOMPLETE	11	shopt-option-surface	option	hostcomplete	extension	SHELL BUILTIN COMMANDS (shopt)	Explicit shopt option in bash option surface.
C11.SHOPT.HUPONEXIT	11	shopt-option-surface	option	huponexit	extension	SHELL BUILTIN COMMANDS (shopt)	Explicit shopt option in bash option surface.
C11.SHOPT.INHERIT_ERREXIT	11	shopt-option-surface	option	inherit_errexit	extension	SHELL BUILTIN COMMANDS (shopt)	Explicit shopt option in bash option surface.
C11.SHOPT.INTERACTIVE_COMMENTS	11	shopt-option-surface	option	interactive_comments	extension	SHELL BUILTIN COMMANDS (shopt)	Explicit shopt option in bash option surface.
C11.SHOPT.LASTPIPE	11	shopt-option-surface	option	lastpipe	extension	SHELL BUILTIN COMMANDS (shopt)	Explicit shopt option in bash option surface.
C11.SHOPT.LITHIST	11	shopt-option-surface	option	lithist	extension	SHELL BUILTIN COMMANDS (shopt)	Explicit shopt option in bash option surface.
C11.SHOPT.LOCALVAR_INHERIT	11	shopt-option-surface	option	localvar_inherit	extension	SHELL BUILTIN COMMANDS (shopt)	Explicit shopt option in bash option surface.
C11.SHOPT.LOCALVAR_UNSET	11	shopt-option-surface	option	localvar_unset	extension	SHELL BUILTIN COMMANDS (shopt)	Explicit shopt option in bash option surface.
C11.SHOPT.LOGIN_SHELL	11	shopt-option-surface	option	login_shell	extension	SHELL BUILTIN COMMANDS (shopt)	Explicit shopt option in bash option surface.
C11.SHOPT.MAILWARN	11	shopt-option-surface	option	mailwarn	extension	SHELL BUILTIN COMMANDS (shopt)	Explicit shopt option in bash option surface.
C11.SHOPT.NO_EMPTY_CMD_COMPLETION	11	shopt-option-surface	option	no_empty_cmd_completion	extension	SHELL BUILTIN COMMANDS (shopt)	Explicit shopt option in bash option surface.
C11.SHOPT.NOCASEGLOB	11	shopt-option-surface	option	nocaseglob	extension	SHELL BUILTIN COMMANDS (shopt)	Explicit shopt option in bash option surface.
C11.SHOPT.NOCASEMATCH	11	shopt-option-surface	option	nocasematch	extension	SHELL BUILTIN COMMANDS (shopt)	Explicit shopt option in bash option surface.
C11.SHOPT.NULLGLOB	11	shopt-option-surface	option	nullglob	extension	SHELL BUILTIN COMMANDS (shopt)	Explicit shopt option in bash option surface.
C11.SHOPT.PROGCOMP	11	shopt-option-surface	option	progcomp	extension	SHELL BUILTIN COMMANDS (shopt)	Explicit shopt option in bash option surface.
C11.SHOPT.PROGCOMP_ALIAS	11	shopt-option-surface	option	progcomp_alias	extension	SHELL BUILTIN COMMANDS (shopt)	Explicit shopt option in bash option surface.
C11.SHOPT.PROMPTVARS	11	shopt-option-surface	option	promptvars	extension	SHELL BUILTIN COMMANDS (shopt)	Explicit shopt option in bash option surface.
C11.SHOPT.RESTRICTED_SHELL	11	shopt-option-surface	option	restricted_shell	extension	SHELL BUILTIN COMMANDS (shopt)	Explicit shopt option in bash option surface.
C11.SHOPT.SHIFT_VERBOSE	11	shopt-option-surface	option	shift_verbose	extension	SHELL BUILTIN COMMANDS (shopt)	Explicit shopt option in bash option surface.
C11.SHOPT.SOURCEPATH	11	shopt-option-surface	option	sourcepath	extension	SHELL BUILTIN COMMANDS (shopt)	Explicit shopt option in bash option surface.
C11.SHOPT.XPG_ECHO	11	shopt-option-surface	option	xpg_echo	extension	SHELL BUILTIN COMMANDS (shopt)	Explicit shopt option in bash option surface.
C11.MODE.01	11	mode-framework	behavior	set -o option reporting format	changed	OPTIONS + INVOCATION	Mode and compatibility reporting requirements.
C11.MODE.02	11	mode-framework	behavior	shopt -p reporting format	changed	OPTIONS + INVOCATION	Mode and compatibility reporting requirements.
C11.MODE.03	11	mode-framework	behavior	diagnostic style selection (bash/ash modes)	changed	OPTIONS + INVOCATION	Mode and compatibility reporting requirements.
C11.MODE.04	11	mode-framework	behavior	mode selection by argv0 (sh/ash/dash vs bash/mctash)	changed	OPTIONS + INVOCATION	Mode and compatibility reporting requirements.
C11.MODE.05	11	mode-framework	behavior	restricted-mode enforcement matrix	changed	OPTIONS + INVOCATION	Mode and compatibility reporting requirements.
C12.MATRIX.01	12	requirements-matrix	meta	matrix column: bash default comparator	present	project policy	Requirements-trace discipline for exhaustive implementation tracking.
C12.MATRIX.02	12	requirements-matrix	meta	matrix column: bash --posix comparator	present	project policy	Requirements-trace discipline for exhaustive implementation tracking.
C12.MATRIX.03	12	requirements-matrix	meta	matrix column: mctash default mode	present	project policy	Requirements-trace discipline for exhaustive implementation tracking.
C12.MATRIX.04	12	requirements-matrix	meta	matrix column: mctash --posix mode	present	project policy	Requirements-trace discipline for exhaustive implementation tracking.
C12.MATRIX.05	12	requirements-matrix	meta	matrix row must map to at least one executable case id	present	project policy	Requirements-trace discipline for exhaustive implementation tracking.
C12.MATRIX.06	12	requirements-matrix	meta	matrix row must record POSIX classification	present	project policy	Requirements-trace discipline for exhaustive implementation tracking.
C12.MATRIX.07	12	requirements-matrix	meta	matrix row must avoid grouped shorthand and etc	present	project policy	Requirements-trace discipline for exhaustive implementation tracking.
C7.INT.11	7	interactive	interactive	PS1 parameter/command/arithmetic expansion at prompt render time (promptvars)	n/a	PROMPTING + Shell Variables	PROMPTING says prompt string is decoded then expanded subject to promptvars.
C8.JOB.13	8	jobs-signals	behavior	interactive Ctrl-C during foreground external command returns prompt and keeps shell alive	present	SIGNALS + JOB CONTROL	SIGNALS describes SIGINT handling in interactive shells and interruptible wait behavior.
C8.JOB.14	8	jobs-control-detail	behavior	each pipeline is tracked as one job entry	n/a	JOB CONTROL	Paragraph 2: shell associates a job with each pipeline and keeps a job table.
C8.JOB.15	8	jobs-control-detail	behavior	background launch banner `[job] pid` is emitted for async jobs	n/a	JOB CONTROL	Paragraph 2: async start prints job number and PID of last process in pipeline.
C8.JOB.16	8	jobs-control-detail	behavior	all processes in one pipeline share a process group/job	n/a	JOB CONTROL	Paragraph 2-3: pipeline members are one job and receive foreground-group signal behavior together.
C8.JOB.17	8	jobs-control-detail	behavior	foreground process group receives keyboard-generated SIGINT	n/a	JOB CONTROL	Paragraph 3: foreground group receives terminal keyboard signals (e.g., SIGINT).
C8.JOB.18	8	jobs-control-detail	behavior	background process read from controlling tty gets SIGTTIN stop	n/a	JOB CONTROL	Paragraph 3: background read from terminal is stopped by SIGTTIN unless caught.
C8.JOB.19	8	jobs-control-detail	behavior	background process write with `stty tostop` gets SIGTTOU stop	n/a	JOB CONTROL	Paragraph 3: background write with tostop is stopped by SIGTTOU unless caught.
C8.JOB.20	8	jobs-control-detail	behavior	interactive suspend char ^Z stops foreground job and returns prompt	n/a	JOB CONTROL	Paragraph 4: immediate suspend semantics including return of control to shell.
C8.JOB.21	8	jobs-control-detail	behavior	delayed suspend char ^Y stops on terminal-read attempt	n/a	JOB CONTROL	Paragraph 4: delayed suspend semantics differ from immediate ^Z.
C8.JOB.22	8	jobs-control-detail	behavior	jobspec forms resolve correctly: `%n`, `%%`/`%+`, `%-`, bare `%`	n/a	JOB CONTROL	Paragraph 5: current/previous job references and bare `%` aliasing.
C8.JOB.23	8	jobs-control-detail	behavior	jobspec name matching supports prefix `%name` and substring `%?text` with ambiguity errors	n/a	JOB CONTROL	Paragraph 5: prefix/substring resolution and multi-match error handling.
C8.JOB.24	8	jobs-control-detail	behavior	`%jobspec` and `%jobspec &` command forms map to `fg` and `bg` behavior	n/a	JOB CONTROL	Paragraph 6: direct jobspec command forms are fg/bg shorthands.
C8.JOB.25	8	jobs-control-detail	behavior	job status notifications are deferred to prompt by default and immediate with `set -b`	n/a	JOB CONTROL	Paragraph 7: default deferred notifications and notify-mode immediate reporting.
C8.JOB.26	8	jobs-control-detail	behavior	`trap SIGCHLD` runs per exiting child	n/a	JOB CONTROL	Paragraph 7: SIGCHLD trap firing frequency semantics.
C8.JOB.27	8	jobs-control-detail	behavior	`exit` with stopped jobs warns once; second exit terminates stopped jobs	n/a	JOB CONTROL	Paragraph 8: warning-on-exit semantics and second-exit behavior.
C8.JOB.28	8	jobs-control-detail	behavior	with job control enabled, `wait` returns on job state change	n/a	JOB CONTROL	Paragraph 9: non-`-f` wait returns on state change.
C8.JOB.29	8	jobs-control-detail	behavior	`wait -f` waits for termination (not merely state change)	n/a	JOB CONTROL	Paragraph 9: `-f` termination-only wait semantics.
